pisteet;nimi;y_tunnus;perustettu;ika_v;toimialakoodi;toimiala;kaupunki;postinumero;tase_eur;tase_edellinen;muutos_pct;tilikausi;tp_rekisteroity;henkilonimi;tyonantaja;ostajia;ostajat;perustelut;tarkista
17;JO-Sähkö Oy;2428432-7;2011-10-01;15;43210;Sähköasennus;NUMMINEN;04660;3963214;3041318;30.3;2025-06-30;2026-08-22;ei;ei;1;Kotera Group;15 vuotta vanha | Konsolidoituva toimiala: Sähköasennus | Toimialalla sähköasennus on 38 aktiivista ostajaa jotka ovat tehneet yhteensä 67 yritysostoa vuodesta 2023, aktiivisin on KONE Hissit Oy | Tilinpäätös rekisteröity juuri | Tase kasvoi 30 % | Tilinpäätös 5 kk yli määräajan | Ei koskaan nimenmuutosta | Pääkaupunkiseudun ulkopuolella;https://tietopalvelu.ytj.fi/yritys/2428432-7
16;Riihimäen Öljypoltinhuolto Oy;0152307-3;1973-05-04;53;43220;LVI-asennus;RIIHIMÄKI;11120;3944936;6501259;-39.3;2026-03-31;2026-09-24;kyllä;ei;2;Kotera Group, No Dig Alliance;53 vuotta vanha | Konsolidoituva toimiala: LVI-asennus | Toimialalla lvi-asennus on 36 aktiivista ostajaa jotka ovat tehneet yhteensä 131 yritysostoa vuodesta 2023, aktiivisin on Caverion Suomi Oy | Tilinpäätös rekisteröity juuri | Tase supistui -39 % | Henkilönimi yhtiön nimessä | Pääkaupunkiseudun ulkopuolella;https://tietopalvelu.ytj.fi/yritys/0152307-3
16;Kuljetusliike Ville Noiva Oy;2312233-4;2010-01-27;16;49410;Tieliikenteen tavarankuljetus;LAHTI;15700;1579404;2501467;-36.9;2025-12-31;2026-06-11;kyllä;ei;1;Luo Logistics Group;16 vuotta vanha | Konsolidoituva toimiala: Tieliikenteen tavarankuljetus | Toimialalla tieliikenteen tavarankuljetus on 46 aktiivista ostajaa jotka ovat tehneet yhteensä 71 yritysostoa vuodesta 2023, aktiivisin on Exclusive Logistics Finland Oy | Tilinpäätös rekisteröity juuri | Tase supistui -37 % | Henkilönimi yhtiön nimessä | Ei koskaan nimenmuutosta | Pääkaupunkiseudun ulkopuolella;https://tietopalvelu.ytj.fi/yritys/2312233-4
15;Kari Malmstedt Oy;0864401-1;1991-11-27;35;49410;Tieliikenteen tavarankuljetus;KARVILA;58160;5880627;4171834;41;2026-01-31;2026-08-19;kyllä;ei;1;Luo Logistics Group;35 vuotta vanha | Konsolidoituva toimiala: Tieliikenteen tavarankuljetus | Toimialalla tieliikenteen tavarankuljetus on 46 aktiivista ostajaa jotka ovat tehneet yhteensä 71 yritysostoa vuodesta 2023, aktiivisin on Exclusive Logistics Finland Oy | Tilinpäätös rekisteröity juuri | Tase kasvoi 41 % | Henkilönimi yhtiön nimessä | Pääkaupunkiseudun ulkopuolella;https://tietopalvelu.ytj.fi/yritys/0864401-1
15;Lopen Maa ja Vesirakenne Oy;1610039-9;2000-07-07;26;43120;Maarakennus;RIIHIMÄKI;11910;4097685;4967132;-17.5;2026-04-30;2026-07-04;kyllä;ei;2;Kotera Group, No Dig Alliance;26 vuotta vanha | Konsolidoituva toimiala: Maarakennus | Toimialalla maarakennus on 14 aktiivista ostajaa jotka ovat tehneet yhteensä 23 yritysostoa vuodesta 2023, aktiivisin on Lotus Demolition Oy | Tilinpäätös rekisteröity juuri | Tase supistui -17 % | Henkilönimi yhtiön nimessä | Pääkaupunkiseudun ulkopuolella;https://tietopalvelu.ytj.fi/yritys/1610039-9
15;Kuljetusliike Jorma Saari Oy;0912088-5;1992-12-31;34;49410;Tieliikenteen tavarankuljetus;TURKU;20360;3790560;3394427;11.7;2026-01-31;2026-06-16;kyllä;ei;1;Luo Logistics Group;34 vuotta vanha | Konsolidoituva toimiala: Tieliikenteen tavarankuljetus | Toimialalla tieliikenteen tavarankuljetus on 46 aktiivista ostajaa jotka ovat tehneet yhteensä 71 yritysostoa vuodesta 2023, aktiivisin on Exclusive Logistics Finland Oy | Tilinpäätös rekisteröity juuri | Henkilönimi yhtiön nimessä | Ei koskaan nimenmuutosta | Pääkaupunkiseudun ulkopuolella;https://tietopalvelu.ytj.fi/yritys/0912088-5
15;Salon Aluesähkö Oy;0897125-8;1992-09-16;34;43210;Sähköasennus;SALO;24100;1971169;1941206;1.5;2025-12-31;2026-07-14;kyllä;ei;1;Kotera Group;34 vuotta vanha | Konsolidoituva toimiala: Sähköasennus | Toimialalla sähköasennus on 38 aktiivista ostajaa jotka ovat tehneet yhteensä 67 yritysostoa vuodesta 2023, aktiivisin on KONE Hissit Oy | Tilinpäätös rekisteröity juuri | Henkilönimi yhtiön nimessä | Ei koskaan nimenmuutosta | Pääkaupunkiseudun ulkopuolella;https://tietopalvelu.ytj.fi/yritys/0897125-8
15;Saskon Oy;1515892-7;1999-03-05;27;43210;Sähköasennus;HELSINKI;00500;1873240;3530380;-46.9;2025-12-31;2026-08-15;kyllä;ei;1;Kotera Group;27 vuotta vanha | Konsolidoituva toimiala: Sähköasennus | Toimialalla sähköasennus on 38 aktiivista ostajaa jotka ovat tehneet yhteensä 67 yritysostoa vuodesta 2023, aktiivisin on KONE Hissit Oy | Tilinpäätös rekisteröity juuri | Tase supistui -47 % | Henkilönimi yhtiön nimessä;https://tietopalvelu.ytj.fi/yritys/1515892-7
15;Ikirauta Oy;1624575-8;2000-10-31;26;25990;Metallituotteet;KANGASALA;36220;1792890;2011439;-10.9;2025-09-30;2026-06-09;ei;ei;1;Teqnion;26 vuotta vanha | Konsolidoituva toimiala: Metallituotteet | Toimialalla metallituotteet on 13 aktiivista ostajaa jotka ovat tehneet yhteensä 28 yritysostoa vuodesta 2023, aktiivisin on Fibroc Oy | Tilinpäätös rekisteröity juuri | Tase supistui -11 % | Tilinpäätös 9 pv yli määräajan | Pääkaupunkiseudun ulkopuolella;https://tietopalvelu.ytj.fi/yritys/1624575-8
15;Kuljetus Muuronen Oy;1708045-7;2001-06-06;25;49410;Tieliikenteen tavarankuljetus;VALKEALA;45360;1741218;1662694;4.7;2025-12-31;2026-06-26;kyllä;ei;1;Luo Logistics Group;25 vuotta vanha | Konsolidoituva toimiala: Tieliikenteen tavarankuljetus | Toimialalla tieliikenteen tavarankuljetus on 46 aktiivista ostajaa jotka ovat tehneet yhteensä 71 yritysostoa vuodesta 2023, aktiivisin on Exclusive Logistics Finland Oy | Tilinpäätös rekisteröity juuri | Henkilönimi yhtiön nimessä | Ei koskaan nimenmuutosta | Pääkaupunkiseudun ulkopuolella;https://tietopalvelu.ytj.fi/yritys/1708045-7
14;Papinaho Oy;9095408-5;1985-08-29;41;49410;Tieliikenteen tavarankuljetus;KEURUU;42700;4905788;5142757;-4.6;2026-02-28;2026-06-26;kyllä;ei;1;Luo Logistics Group;41 vuotta vanha | Konsolidoituva toimiala: Tieliikenteen tavarankuljetus | Toimialalla tieliikenteen tavarankuljetus on 46 aktiivista ostajaa jotka ovat tehneet yhteensä 71 yritysostoa vuodesta 2023, aktiivisin on Exclusive Logistics Finland Oy | Tilinpäätös rekisteröity juuri | Henkilönimi yhtiön nimessä | Pääkaupunkiseudun ulkopuolella;https://tietopalvelu.ytj.fi/yritys/9095408-5
14;Hernesniemen Maanrakennus Oy;1031696-5;1995-12-13;31;43120;Maarakennus;LAPPAJÄRVI;62600;3943127;4319149;-8.7;2025-12-31;2026-06-03;kyllä;ei;2;Kotera Group, No Dig Alliance;31 vuotta vanha | Konsolidoituva toimiala: Maarakennus | Toimialalla maarakennus on 14 aktiivista ostajaa jotka ovat tehneet yhteensä 23 yritysostoa vuodesta 2023, aktiivisin on Lotus Demolition Oy | Tilinpäätös rekisteröity juuri | Henkilönimi yhtiön nimessä | Ei koskaan nimenmuutosta | Pääkaupunkiseudun ulkopuolella;https://tietopalvelu.ytj.fi/yritys/1031696-5
14;Urakointi J. Pääkkönen Oy;1527461-0;1999-04-01;27;43120;Maarakennus;LAHTI;15230;3923549;3925283;0;2026-03-31;2026-08-15;kyllä;ei;2;Kotera Group, No Dig Alliance;27 vuotta vanha | Konsolidoituva toimiala: Maarakennus | Toimialalla maarakennus on 14 aktiivista ostajaa jotka ovat tehneet yhteensä 23 yritysostoa vuodesta 2023, aktiivisin on Lotus Demolition Oy | Tilinpäätös rekisteröity juuri | Henkilönimi yhtiön nimessä | Ei koskaan nimenmuutosta | Pääkaupunkiseudun ulkopuolella;https://tietopalvelu.ytj.fi/yritys/1527461-0
14;Molanders Transport Ab;0181915-7;1976-01-09;50;49410;Tieliikenteen tavarankuljetus;KOLPPI;68800;3783231;4299817;-12;2026-03-31;2026-06-16;ei;ei;1;Luo Logistics Group;50 vuotta vanha | Konsolidoituva toimiala: Tieliikenteen tavarankuljetus | Toimialalla tieliikenteen tavarankuljetus on 46 aktiivista ostajaa jotka ovat tehneet yhteensä 71 yritysostoa vuodesta 2023, aktiivisin on Exclusive Logistics Finland Oy | Tilinpäätös rekisteröity juuri | Tase supistui -12 % | Pääkaupunkiseudun ulkopuolella;https://tietopalvelu.ytj.fi/yritys/0181915-7
14;Maantie Trans Oy;1715277-2;2001-08-22;25;49410;Tieliikenteen tavarankuljetus;LAUNONEN;12540;3652008;2936735;24.4;2026-06-30;2026-09-18;ei;ei;1;Luo Logistics Group;25 vuotta vanha | Konsolidoituva toimiala: Tieliikenteen tavarankuljetus | Toimialalla tieliikenteen tavarankuljetus on 46 aktiivista ostajaa jotka ovat tehneet yhteensä 71 yritysostoa vuodesta 2023, aktiivisin on Exclusive Logistics Finland Oy | Tilinpäätös rekisteröity juuri | Tase kasvoi 24 % | Ei koskaan nimenmuutosta | Pääkaupunkiseudun ulkopuolella;https://tietopalvelu.ytj.fi/yritys/1715277-2
14;LVI-Klemola Oy;2208293-2;2008-07-28;18;43220;LVI-asennus;VETELI;69700;3550641;6253570;-43.2;2026-04-30;2026-09-05;ei;ei;2;Kotera Group, No Dig Alliance;18 vuotta vanha | Konsolidoituva toimiala: LVI-asennus | Toimialalla lvi-asennus on 36 aktiivista ostajaa jotka ovat tehneet yhteensä 131 yritysostoa vuodesta 2023, aktiivisin on Caverion Suomi Oy | Tilinpäätös rekisteröity juuri | Tase supistui -43 % | Ei koskaan nimenmuutosta | Pääkaupunkiseudun ulkopuolella;https://tietopalvelu.ytj.fi/yritys/2208293-2
14;Kailin Oy;1038307-6;1996-03-08;30;25990;Metallituotteet;HOLLOLA;15860;3542024;3199927;10.7;2026-05-31;2026-09-16;kyllä;ei;1;Teqnion;30 vuotta vanha | Konsolidoituva toimiala: Metallituotteet | Toimialalla metallituotteet on 13 aktiivista ostajaa jotka ovat tehneet yhteensä 28 yritysostoa vuodesta 2023, aktiivisin on Fibroc Oy | Tilinpäätös rekisteröity juuri | Henkilönimi yhtiön nimessä | Ei koskaan nimenmuutosta | Pääkaupunkiseudun ulkopuolella;https://tietopalvelu.ytj.fi/yritys/1038307-6
14;PT Kuivanen Oy;0484306-4;1982-05-13;44;49410;Tieliikenteen tavarankuljetus;SAHALAHTI;36420;3444284;3465597;-0.6;2026-01-31;2026-08-05;kyllä;ei;1;Luo Logistics Group;44 vuotta vanha | Konsolidoituva toimiala: Tieliikenteen tavarankuljetus | Toimialalla tieliikenteen tavarankuljetus on 46 aktiivista ostajaa jotka ovat tehneet yhteensä 71 yritysostoa vuodesta 2023, aktiivisin on Exclusive Logistics Finland Oy | Tilinpäätös rekisteröity juuri | Henkilönimi yhtiön nimessä | Pääkaupunkiseudun ulkopuolella;https://tietopalvelu.ytj.fi/yritys/0484306-4
14;Kainuun Konetyö Oy;2419497-0;2011-08-01;15;43120;Maarakennus;KAJAANI;87100;2956150;3468704;-14.8;2025-12-31;2026-06-26;kyllä;ei;2;Kotera Group, No Dig Alliance;15 vuotta vanha | Konsolidoituva toimiala: Maarakennus | Toimialalla maarakennus on 14 aktiivista ostajaa jotka ovat tehneet yhteensä 23 yritysostoa vuodesta 2023, aktiivisin on Lotus Demolition Oy | Tilinpäätös rekisteröity juuri | Tase supistui -15 % | Henkilönimi yhtiön nimessä | Pääkaupunkiseudun ulkopuolella;https://tietopalvelu.ytj.fi/yritys/2419497-0
14;Terho Lehtinen Oy;0249640-9;1978-05-19;48;49410;Tieliikenteen tavarankuljetus;NAANTALI;21110;2648338;2666339;-0.7;2026-03-31;2026-06-27;kyllä;ei;1;Luo Logistics Group;48 vuotta vanha | Konsolidoituva toimiala: Tieliikenteen tavarankuljetus | Toimialalla tieliikenteen tavarankuljetus on 46 aktiivista ostajaa jotka ovat tehneet yhteensä 71 yritysostoa vuodesta 2023, aktiivisin on Exclusive Logistics Finland Oy | Tilinpäätös rekisteröity juuri | Henkilönimi yhtiön nimessä | Pääkaupunkiseudun ulkopuolella;https://tietopalvelu.ytj.fi/yritys/0249640-9
14;Kuljetus J. Heinonen Oy;2082768-9;2006-12-29;20;49410;Tieliikenteen tavarankuljetus;LAHTI;15240;2445313;2476551;-1.3;2025-12-31;2026-07-15;kyllä;ei;1;Luo Logistics Group;20 vuotta vanha | Konsolidoituva toimiala: Tieliikenteen tavarankuljetus | Toimialalla tieliikenteen tavarankuljetus on 46 aktiivista ostajaa jotka ovat tehneet yhteensä 71 yritysostoa vuodesta 2023, aktiivisin on Exclusive Logistics Finland Oy | Tilinpäätös rekisteröity juuri | Henkilönimi yhtiön nimessä | Ei koskaan nimenmuutosta | Pääkaupunkiseudun ulkopuolella;https://tietopalvelu.ytj.fi/yritys/2082768-9
14;Turun Vesicenter Oy;1784066-3;2003-03-31;23;43220;LVI-asennus;TURKU;20740;2421859;2468381;-1.9;2025-12-31;2026-06-16;kyllä;ei;2;Kotera Group, No Dig Alliance;23 vuotta vanha | Konsolidoituva toimiala: LVI-asennus | Toimialalla lvi-asennus on 36 aktiivista ostajaa jotka ovat tehneet yhteensä 131 yritysostoa vuodesta 2023, aktiivisin on Caverion Suomi Oy | Tilinpäätös rekisteröity juuri | Henkilönimi yhtiön nimessä | Ei koskaan nimenmuutosta | Pääkaupunkiseudun ulkopuolella;https://tietopalvelu.ytj.fi/yritys/1784066-3
14;Isoahon Sorvaamo Oy;1070112-6;1996-11-25;30;25990;Metallituotteet;TUURI;63610;2200037;2030901;8.3;2025-12-31;2026-06-04;kyllä;ei;1;Teqnion;30 vuotta vanha | Konsolidoituva toimiala: Metallituotteet | Toimialalla metallituotteet on 13 aktiivista ostajaa jotka ovat tehneet yhteensä 28 yritysostoa vuodesta 2023, aktiivisin on Fibroc Oy | Tilinpäätös rekisteröity juuri | Henkilönimi yhtiön nimessä | Ei koskaan nimenmuutosta | Pääkaupunkiseudun ulkopuolella;https://tietopalvelu.ytj.fi/yritys/1070112-6
14;Nokian Teollisuusapu Oy;0652345-1;1987-05-27;39;33200;Teollinen asennus;NOKIA;37150;2047213;2967848;-31;2025-12-31;2026-07-10;kyllä;ei;2;Kotera Group, Teqnion;39 vuotta vanha | Konsolidoituva toimiala: Teollinen asennus | Toimialalla teollinen asennus on 6 aktiivista ostajaa jotka ovat tehneet yhteensä 8 yritysostoa vuodesta 2023, aktiivisin on DC Works Finland Oy | Tilinpäätös rekisteröity juuri | Tase supistui -31 % | Henkilönimi yhtiön nimessä | Pääkaupunkiseudun ulkopuolella;https://tietopalvelu.ytj.fi/yritys/0652345-1
14;Sauvon Sähkötarvike Oy;0348780-3;1963-07-05;63;43210;Sähköasennus;SAUVO;21570;1982930;2087633;-5;2026-01-31;2026-09-09;kyllä;ei;1;Kotera Group;63 vuotta vanha | Konsolidoituva toimiala: Sähköasennus | Toimialalla sähköasennus on 38 aktiivista ostajaa jotka ovat tehneet yhteensä 67 yritysostoa vuodesta 2023, aktiivisin on KONE Hissit Oy | Tilinpäätös rekisteröity juuri | Henkilönimi yhtiön nimessä | Pääkaupunkiseudun ulkopuolella;https://tietopalvelu.ytj.fi/yritys/0348780-3
14;Ahinmäen Konepalvelu Oy;2018511-0;2006-03-07;20;43120;Maarakennus;JÄMSÄNKOSKI;42300;1952253;597453;226.8;2026-02-28;2026-07-07;kyllä;ei;2;Kotera Group, No Dig Alliance;20 vuotta vanha | Konsolidoituva toimiala: Maarakennus | Toimialalla maarakennus on 14 aktiivista ostajaa jotka ovat tehneet yhteensä 23 yritysostoa vuodesta 2023, aktiivisin on Lotus Demolition Oy | Tilinpäätös rekisteröity juuri | Tase kasvoi 227 % | Henkilönimi yhtiön nimessä | Ei koskaan nimenmuutosta | Pääkaupunkiseudun ulkopuolella;https://tietopalvelu.ytj.fi/yritys/2018511-0
14;Tarmo palvelut Oy;2281149-6;2009-08-20;17;81210;Kiinteistöjen siivous;TAMPERE;33100;1720818;2158678;-20.3;2025-12-31;2026-06-10;ei;ei;1;PiKa Puhtaus;17 vuotta vanha | Konsolidoituva toimiala: Kiinteistöjen siivous | Toimialalla kiinteistöjen siivous on 24 aktiivista ostajaa jotka ovat tehneet yhteensä 42 yritysostoa vuodesta 2023, aktiivisin on RTK-Palvelu Oy | Tilinpäätös rekisteröity juuri | Tase supistui -20 % | Ei koskaan nimenmuutosta | Pääkaupunkiseudun ulkopuolella;https://tietopalvelu.ytj.fi/yritys/2281149-6
14;Helsingin Express Oy;0638603-9;1987-04-15;39;49410;Tieliikenteen tavarankuljetus;KRISTIINANKAUPUNKI;64100;1717873;1764102;-2.6;2026-02-28;2026-06-24;kyllä;ei;1;Luo Logistics Group;39 vuotta vanha | Konsolidoituva toimiala: Tieliikenteen tavarankuljetus | Toimialalla tieliikenteen tavarankuljetus on 46 aktiivista ostajaa jotka ovat tehneet yhteensä 71 yritysostoa vuodesta 2023, aktiivisin on Exclusive Logistics Finland Oy | Tilinpäätös rekisteröity juuri | Henkilönimi yhtiön nimessä | Pääkaupunkiseudun ulkopuolella;https://tietopalvelu.ytj.fi/yritys/0638603-9
14;Kauhajoen Kuljetus Oy;0208809-3;1970-09-04;56;49410;Tieliikenteen tavarankuljetus;KAUHAJOKI;61800;1671109;1673575;-0.1;2025-12-31;2026-07-25;kyllä;ei;1;Luo Logistics Group;56 vuotta vanha | Konsolidoituva toimiala: Tieliikenteen tavarankuljetus | Toimialalla tieliikenteen tavarankuljetus on 46 aktiivista ostajaa jotka ovat tehneet yhteensä 71 yritysostoa vuodesta 2023, aktiivisin on Exclusive Logistics Finland Oy | Tilinpäätös rekisteröity juuri | Henkilönimi yhtiön nimessä | Pääkaupunkiseudun ulkopuolella;https://tietopalvelu.ytj.fi/yritys/0208809-3
14;Kuljetusliike Sami Lehtinen Oy;1924704-6;2004-10-27;22;49410;Tieliikenteen tavarankuljetus;PAIMIO;21530;1628585;1239888;31.3;2026-04-30;2026-09-02;kyllä;ei;1;Luo Logistics Group;22 vuotta vanha | Konsolidoituva toimiala: Tieliikenteen tavarankuljetus | Toimialalla tieliikenteen tavarankuljetus on 46 aktiivista ostajaa jotka ovat tehneet yhteensä 71 yritysostoa vuodesta 2023, aktiivisin on Exclusive Logistics Finland Oy | Tilinpäätös rekisteröity juuri | Tase kasvoi 31 % | Henkilönimi yhtiön nimessä | Pääkaupunkiseudun ulkopuolella;https://tietopalvelu.ytj.fi/yritys/1924704-6
14;IVT Center Turku Oy;2165855-7;2008-01-11;18;43220;LVI-asennus;TURKU;20520;1541226;2381919;-35.3;2025-12-31;2026-07-11;ei;ei;2;Kotera Group, No Dig Alliance;18 vuotta vanha | Konsolidoituva toimiala: LVI-asennus | Toimialalla lvi-asennus on 36 aktiivista ostajaa jotka ovat tehneet yhteensä 131 yritysostoa vuodesta 2023, aktiivisin on Caverion Suomi Oy | Tilinpäätös rekisteröity juuri | Tase supistui -35 % | Ei koskaan nimenmuutosta | Pääkaupunkiseudun ulkopuolella;https://tietopalvelu.ytj.fi/yritys/2165855-7
13;Raahen Konepajatyö Oy;0564867-4;1984-06-14;42;25110;Metallirakenteet;RAAHE;92150;7569789;7441818;1.7;2025-12-31;2026-07-17;kyllä;ei;3;Sponsor Capital, Kotera Group, Teqnion;42 vuotta vanha | Konsolidoituva toimiala: Metallirakenteet | Toimialalla metallirakenteet on 11 aktiivista ostajaa jotka ovat tehneet yhteensä 13 yritysostoa vuodesta 2023, aktiivisin on Stera Technologies Oy | Tilinpäätös rekisteröity juuri | Henkilönimi yhtiön nimessä | Pääkaupunkiseudun ulkopuolella;https://tietopalvelu.ytj.fi/yritys/0564867-4
13;Kuljetusliike Savoline Oy;2358798-3;2010-10-01;16;49410;Tieliikenteen tavarankuljetus;KUOPIO;70840;4750945;2568642;85;2026-02-28;2026-09-01;ei;ei;1;Luo Logistics Group;16 vuotta vanha | Konsolidoituva toimiala: Tieliikenteen tavarankuljetus | Toimialalla tieliikenteen tavarankuljetus on 46 aktiivista ostajaa jotka ovat tehneet yhteensä 71 yritysostoa vuodesta 2023, aktiivisin on Exclusive Logistics Finland Oy | Tilinpäätös rekisteröity juuri | Tase kasvoi 85 % | Ei koskaan nimenmuutosta | Pääkaupunkiseudun ulkopuolella;https://tietopalvelu.ytj.fi/yritys/2358798-3
13;Pomarak Oy;1510835-6;1999-03-22;27;43120;Maarakennus;ROVANIEMI;96700;4565068;6240566;-26.8;2025-11-30;2026-06-30;ei;ei;2;Kotera Group, No Dig Alliance;27 vuotta vanha | Konsolidoituva toimiala: Maarakennus | Toimialalla maarakennus on 14 aktiivista ostajaa jotka ovat tehneet yhteensä 23 yritysostoa vuodesta 2023, aktiivisin on Lotus Demolition Oy | Tilinpäätös rekisteröity juuri | Tase supistui -27 % | Pääkaupunkiseudun ulkopuolella;https://tietopalvelu.ytj.fi/yritys/1510835-6
13;Metallityö H. Turunen Oy;0494695-2;1983-02-24;43;25990;Metallituotteet;VAHTO;21310;4422219;3836176;15.3;2026-05-31;2026-09-11;kyllä;ei;1;Teqnion;43 vuotta vanha | Konsolidoituva toimiala: Metallituotteet | Toimialalla metallituotteet on 13 aktiivista ostajaa jotka ovat tehneet yhteensä 28 yritysostoa vuodesta 2023, aktiivisin on Fibroc Oy | Tilinpäätös rekisteröity juuri | Henkilönimi yhtiön nimessä | Pääkaupunkiseudun ulkopuolella;https://tietopalvelu.ytj.fi/yritys/0494695-2
13;Raikon Konepaja Oy;0660413-9;1982-11-04;44;25110;Metallirakenteet;RAISIO;21280;2304300;2475925;-6.9;2026-01-31;2026-08-28;kyllä;ei;3;Sponsor Capital, Kotera Group, Teqnion;44 vuotta vanha | Konsolidoituva toimiala: Metallirakenteet | Toimialalla metallirakenteet on 11 aktiivista ostajaa jotka ovat tehneet yhteensä 13 yritysostoa vuodesta 2023, aktiivisin on Stera Technologies Oy | Tilinpäätös rekisteröity juuri | Henkilönimi yhtiön nimessä | Pääkaupunkiseudun ulkopuolella;https://tietopalvelu.ytj.fi/yritys/0660413-9
13;Biofire Oy;1098095-4;1998-03-11;28;28990;Erikoiskoneet;NUMMIJÄRVI;61910;2236024;1482337;50.8;2025-12-31;2026-07-07;ei;ei;1;Teqnion;28 vuotta vanha | Konsolidoituva toimiala: Erikoiskoneet | Toimialalla erikoiskoneet on 10 aktiivista ostajaa jotka ovat tehneet yhteensä 18 yritysostoa vuodesta 2023, aktiivisin on DCS Cleantech Oy | Tilinpäätös rekisteröity juuri | Tase kasvoi 51 % | Ei koskaan nimenmuutosta | Pääkaupunkiseudun ulkopuolella;https://tietopalvelu.ytj.fi/yritys/1098095-4
13;G C West Fastigheter Ab;1606803-4;2000-07-28;26;81100;Kiinteistöpalvelu;VAASA;65380;2097706;2118258;-1;2025-12-31;2026-06-10;ei;ei;2;Sponsor Capital, PiKa Puhtaus;26 vuotta vanha | Konsolidoituva toimiala: Kiinteistöpalvelu | Toimialalla kiinteistöpalvelu on 54 aktiivista ostajaa jotka ovat tehneet yhteensä 118 yritysostoa vuodesta 2023, aktiivisin on Kotikatu Oy | Tilinpäätös rekisteröity juuri | Ei koskaan nimenmuutosta | Pääkaupunkiseudun ulkopuolella;https://tietopalvelu.ytj.fi/yritys/1606803-4
13;SRP-Saari Oy;2392127-5;2011-03-10;15;43991;Muu erikoisrakentaminen;LAPUA;62100;1835693;1465353;25.3;2025-12-31;2026-06-05;kyllä;ei;1;Kotera Group;15 vuotta vanha | Konsolidoituva toimiala: Muu erikoisrakentaminen | Toimialalla muu erikoisrakentaminen on 2 aktiivista ostajaa jotka ovat tehneet yhteensä 7 yritysostoa vuodesta 2023, aktiivisin on Havator Oy | Tilinpäätös rekisteröity juuri | Tase kasvoi 25 % | Henkilönimi yhtiön nimessä | Ei koskaan nimenmuutosta | Pääkaupunkiseudun ulkopuolella;https://tietopalvelu.ytj.fi/yritys/2392127-5
13;Ena's Transport Ab;1708099-1;2001-07-25;25;49410;Tieliikenteen tavarankuljetus;KOLPPI;68800;1833898;1485267;23.5;2025-12-31;2026-06-18;ei;ei;1;Luo Logistics Group;25 vuotta vanha | Konsolidoituva toimiala: Tieliikenteen tavarankuljetus | Toimialalla tieliikenteen tavarankuljetus on 46 aktiivista ostajaa jotka ovat tehneet yhteensä 71 yritysostoa vuodesta 2023, aktiivisin on Exclusive Logistics Finland Oy | Tilinpäätös rekisteröity juuri | Tase kasvoi 24 % | Pääkaupunkiseudun ulkopuolella;https://tietopalvelu.ytj.fi/yritys/1708099-1
13;Kymppisähkö Oy;0825847-9;1991-03-13;35;43210;Sähköasennus;PIRKKALA;33960;1752283;943090;85.8;2025-12-31;2026-06-26;ei;ei;1;Kotera Group;35 vuotta vanha | Konsolidoituva toimiala: Sähköasennus | Toimialalla sähköasennus on 38 aktiivista ostajaa jotka ovat tehneet yhteensä 67 yritysostoa vuodesta 2023, aktiivisin on KONE Hissit Oy | Tilinpäätös rekisteröity juuri | Tase kasvoi 86 % | Pääkaupunkiseudun ulkopuolella;https://tietopalvelu.ytj.fi/yritys/0825847-9
13;Sähkö Jeesi Oy;2413382-8;2011-06-23;15;43210;Sähköasennus;HELSINKI;00550;1626876;3885994;-58.1;2025-12-31;2026-08-15;ei;ei;1;Kotera Group;15 vuotta vanha | Konsolidoituva toimiala: Sähköasennus | Toimialalla sähköasennus on 38 aktiivista ostajaa jotka ovat tehneet yhteensä 67 yritysostoa vuodesta 2023, aktiivisin on KONE Hissit Oy | Tilinpäätös rekisteröity juuri | Tase supistui -58 % | Ei koskaan nimenmuutosta;https://tietopalvelu.ytj.fi/yritys/2413382-8
12;Kantojärven Metalli Oy;1839304-1;2003-07-08;23;25110;Metallirakenteet;TORNIO;95450;18955331;21007147;-9.8;2025-12-31;2026-06-10;kyllä;ei;3;Sponsor Capital, Kotera Group, Teqnion;23 vuotta vanha | Konsolidoituva toimiala: Metallirakenteet | Toimialalla metallirakenteet on 11 aktiivista ostajaa jotka ovat tehneet yhteensä 13 yritysostoa vuodesta 2023, aktiivisin on Stera Technologies Oy | Tilinpäätös rekisteröity juuri | Henkilönimi yhtiön nimessä | Pääkaupunkiseudun ulkopuolella;https://tietopalvelu.ytj.fi/yritys/1839304-1
12;Kurko-Koponen Oy;2033607-0;2006-04-27;20;43991;Muu erikoisrakentaminen;VARKAUS;78870;12118345;8437057;43.6;2025-12-31;2026-07-02;kyllä;ei;1;Kotera Group;20 vuotta vanha | Konsolidoituva toimiala: Muu erikoisrakentaminen | Toimialalla muu erikoisrakentaminen on 2 aktiivista ostajaa jotka ovat tehneet yhteensä 7 yritysostoa vuodesta 2023, aktiivisin on Havator Oy | Tilinpäätös rekisteröity juuri | Tase kasvoi 44 % | Henkilönimi yhtiön nimessä | Pääkaupunkiseudun ulkopuolella;https://tietopalvelu.ytj.fi/yritys/2033607-0
12;Kemas Oy;0933207-9;1993-09-01;33;25990;Metallituotteet;KELTAKANGAS;46860;9812777;7262568;35.1;2026-04-30;2026-07-25;ei;ei;1;Teqnion;33 vuotta vanha | Konsolidoituva toimiala: Metallituotteet | Toimialalla metallituotteet on 13 aktiivista ostajaa jotka ovat tehneet yhteensä 28 yritysostoa vuodesta 2023, aktiivisin on Fibroc Oy | Tilinpäätös rekisteröity juuri | Tase kasvoi 35 % | Pääkaupunkiseudun ulkopuolella;https://tietopalvelu.ytj.fi/yritys/0933207-9
12;Paakkunainen Group Oy;2189035-6;2008-04-30;18;43120;Maarakennus;ÄYSTÖ;64770;3050879;2999636;1.7;2026-02-28;2026-08-22;kyllä;ei;2;Kotera Group, No Dig Alliance;18 vuotta vanha | Konsolidoituva toimiala: Maarakennus | Toimialalla maarakennus on 14 aktiivista ostajaa jotka ovat tehneet yhteensä 23 yritysostoa vuodesta 2023, aktiivisin on Lotus Demolition Oy | Tilinpäätös rekisteröity juuri | Henkilönimi yhtiön nimessä | Pääkaupunkiseudun ulkopuolella;https://tietopalvelu.ytj.fi/yritys/2189035-6
12;Maanrakennus Suortti Oy;0163459-0;1959-02-27;67;43120;Maarakennus;HAMINA;49400;2975215;2439328;22;2026-02-28;2026-09-01;ei;ei;2;Kotera Group, No Dig Alliance;67 vuotta vanha | Konsolidoituva toimiala: Maarakennus | Toimialalla maarakennus on 14 aktiivista ostajaa jotka ovat tehneet yhteensä 23 yritysostoa vuodesta 2023, aktiivisin on Lotus Demolition Oy | Tilinpäätös rekisteröity juuri | Tase kasvoi 22 % | Pääkaupunkiseudun ulkopuolella;https://tietopalvelu.ytj.fi/yritys/0163459-0
12;Oy Acu-Elektro Ab;0460433-8;1982-05-20;44;43210;Sähköasennus;KRUUNUPYY;68500;2873297;2600137;10.5;2025-12-31;2026-08-06;ei;ei;1;Kotera Group;44 vuotta vanha | Konsolidoituva toimiala: Sähköasennus | Toimialalla sähköasennus on 38 aktiivista ostajaa jotka ovat tehneet yhteensä 67 yritysostoa vuodesta 2023, aktiivisin on KONE Hissit Oy | Tilinpäätös rekisteröity juuri | Pääkaupunkiseudun ulkopuolella;https://tietopalvelu.ytj.fi/yritys/0460433-8
12;Transport Seppälä Oy;2143843-1;2007-10-04;19;49410;Tieliikenteen tavarankuljetus;ALAJÄRVI;62900;2525044;2301702;9.7;2026-02-28;2026-06-19;ei;ei;1;Luo Logistics Group;19 vuotta vanha | Konsolidoituva toimiala: Tieliikenteen tavarankuljetus | Toimialalla tieliikenteen tavarankuljetus on 46 aktiivista ostajaa jotka ovat tehneet yhteensä 71 yritysostoa vuodesta 2023, aktiivisin on Exclusive Logistics Finland Oy | Tilinpäätös rekisteröity juuri | Ei koskaan nimenmuutosta | Pääkaupunkiseudun ulkopuolella;https://tietopalvelu.ytj.fi/yritys/2143843-1
12;Piharatamo Oy;2024138-9;2006-03-09;20;49410;Tieliikenteen tavarankuljetus;NURMIJÄRVI;01900;2460479;2659622;-7.5;2025-12-31;2026-08-21;ei;ei;1;Luo Logistics Group;20 vuotta vanha | Konsolidoituva toimiala: Tieliikenteen tavarankuljetus | Toimialalla tieliikenteen tavarankuljetus on 46 aktiivista ostajaa jotka ovat tehneet yhteensä 71 yritysostoa vuodesta 2023, aktiivisin on Exclusive Logistics Finland Oy | Tilinpäätös rekisteröity juuri | Ei koskaan nimenmuutosta | Pääkaupunkiseudun ulkopuolella;https://tietopalvelu.ytj.fi/yritys/2024138-9
12;Kuljetusliike Pietilä Oy;0511716-0;1983-06-02;43;49410;Tieliikenteen tavarankuljetus;SÄKYLÄ;27800;2448448;2226902;9.9;2026-03-31;2026-07-04;ei;ei;1;Luo Logistics Group;43 vuotta vanha | Konsolidoituva toimiala: Tieliikenteen tavarankuljetus | Toimialalla tieliikenteen tavarankuljetus on 46 aktiivista ostajaa jotka ovat tehneet yhteensä 71 yritysostoa vuodesta 2023, aktiivisin on Exclusive Logistics Finland Oy | Tilinpäätös rekisteröity juuri | Pääkaupunkiseudun ulkopuolella;https://tietopalvelu.ytj.fi/yritys/0511716-0
12;Corredor Oy;2329345-9;2010-04-23;16;52100;Varastointi;SEINÄJOKI;60120;2254054;2753097;-18.1;2026-03-31;2026-08-04;ei;ei;1;Luo Logistics Group;16 vuotta vanha | Konsolidoituva toimiala: Varastointi | Toimialalla varastointi on 5 aktiivista ostajaa jotka ovat tehneet yhteensä 9 yritysostoa vuodesta 2023, aktiivisin on Pelican Finland Holding Oy | Tilinpäätös rekisteröity juuri | Tase supistui -18 % | Ei koskaan nimenmuutosta | Pääkaupunkiseudun ulkopuolella;https://tietopalvelu.ytj.fi/yritys/2329345-9
12;Sähkö Sipa Oy;2344543-2;2010-07-26;16;43210;Sähköasennus;NURMO;60550;2221859;1879085;18.2;2025-12-31;2026-07-02;ei;ei;1;Kotera Group;16 vuotta vanha | Konsolidoituva toimiala: Sähköasennus | Toimialalla sähköasennus on 38 aktiivista ostajaa jotka ovat tehneet yhteensä 67 yritysostoa vuodesta 2023, aktiivisin on KONE Hissit Oy | Tilinpäätös rekisteröity juuri | Ei koskaan nimenmuutosta | Pääkaupunkiseudun ulkopuolella;https://tietopalvelu.ytj.fi/yritys/2344543-2
12;LT-Sähkö Oy;2257740-9;2009-03-26;17;43210;Sähköasennus;NOORMARKKU;29600;2049647;2187052;-6.3;2025-12-31;2026-06-18;ei;ei;1;Kotera Group;17 vuotta vanha | Konsolidoituva toimiala: Sähköasennus | Toimialalla sähköasennus on 38 aktiivista ostajaa jotka ovat tehneet yhteensä 67 yritysostoa vuodesta 2023, aktiivisin on KONE Hissit Oy | Tilinpäätös rekisteröity juuri | Ei koskaan nimenmuutosta | Pääkaupunkiseudun ulkopuolella;https://tietopalvelu.ytj.fi/yritys/2257740-9
12;K.I.B. Trans Ab;0182884-6;1975-10-17;51;49410;Tieliikenteen tavarankuljetus;UUSIKAARLEPYY;66900;1952215;1950398;0.1;2025-12-31;2026-06-27;ei;ei;1;Luo Logistics Group;51 vuotta vanha | Konsolidoituva toimiala: Tieliikenteen tavarankuljetus | Toimialalla tieliikenteen tavarankuljetus on 46 aktiivista ostajaa jotka ovat tehneet yhteensä 71 yritysostoa vuodesta 2023, aktiivisin on Exclusive Logistics Finland Oy | Tilinpäätös rekisteröity juuri | Pääkaupunkiseudun ulkopuolella;https://tietopalvelu.ytj.fi/yritys/0182884-6
12;TP-Putki Oy;2333405-4;2010-05-20;16;43220;LVI-asennus;HYVINKÄÄ;05440;1691568;1490269;13.5;2025-12-31;2026-06-30;ei;ei;2;Kotera Group, No Dig Alliance;16 vuotta vanha | Konsolidoituva toimiala: LVI-asennus | Toimialalla lvi-asennus on 36 aktiivista ostajaa jotka ovat tehneet yhteensä 131 yritysostoa vuodesta 2023, aktiivisin on Caverion Suomi Oy | Tilinpäätös rekisteröity juuri | Ei koskaan nimenmuutosta | Pääkaupunkiseudun ulkopuolella;https://tietopalvelu.ytj.fi/yritys/2333405-4
12;SK Trans Ab Oy;1463754-7;1995-10-04;31;49410;Tieliikenteen tavarankuljetus;KRUUNUPYY;68500;1665845;1665753;0;2025-12-31;2026-06-10;ei;ei;1;Luo Logistics Group;31 vuotta vanha | Konsolidoituva toimiala: Tieliikenteen tavarankuljetus | Toimialalla tieliikenteen tavarankuljetus on 46 aktiivista ostajaa jotka ovat tehneet yhteensä 71 yritysostoa vuodesta 2023, aktiivisin on Exclusive Logistics Finland Oy | Tilinpäätös rekisteröity juuri | Pääkaupunkiseudun ulkopuolella;https://tietopalvelu.ytj.fi/yritys/1463754-7
11;Euro-neliö Oy;0750154-5;1978-03-17;48;43120;Maarakennus;KEMINMAA;94450;8567139;8509291;0.7;2025-12-31;2026-08-26;ei;ei;2;Kotera Group, No Dig Alliance;48 vuotta vanha | Konsolidoituva toimiala: Maarakennus | Toimialalla maarakennus on 14 aktiivista ostajaa jotka ovat tehneet yhteensä 23 yritysostoa vuodesta 2023, aktiivisin on Lotus Demolition Oy | Tilinpäätös rekisteröity juuri | Pääkaupunkiseudun ulkopuolella;https://tietopalvelu.ytj.fi/yritys/0750154-5
11;Maansiirto Veljekset Rinta Oy;2047672-7;2006-08-01;20;43120;Maarakennus;POJANLUOMA;60760;8508639;9199832;-7.5;2026-03-31;2026-07-15;ei;ei;2;Kotera Group, No Dig Alliance;20 vuotta vanha | Konsolidoituva toimiala: Maarakennus | Toimialalla maarakennus on 14 aktiivista ostajaa jotka ovat tehneet yhteensä 23 yritysostoa vuodesta 2023, aktiivisin on Lotus Demolition Oy | Tilinpäätös rekisteröity juuri | Ei koskaan nimenmuutosta | Pääkaupunkiseudun ulkopuolella;https://tietopalvelu.ytj.fi/yritys/2047672-7
11;TP-Tools Oy;0855592-4;1991-08-14;35;25110;Metallirakenteet;NOKIA;37100;6255633;6477393;-3.4;2025-12-31;2026-06-26;ei;ei;3;Sponsor Capital, Kotera Group, Teqnion;35 vuotta vanha | Konsolidoituva toimiala: Metallirakenteet | Toimialalla metallirakenteet on 11 aktiivista ostajaa jotka ovat tehneet yhteensä 13 yritysostoa vuodesta 2023, aktiivisin on Stera Technologies Oy | Tilinpäätös rekisteröity juuri | Pääkaupunkiseudun ulkopuolella;https://tietopalvelu.ytj.fi/yritys/0855592-4
11;Maarakennus Velj. Jussila Oy;2346391-3;2011-03-31;15;43120;Maarakennus;KURIKKA;61300;3436285;3756882;-8.5;2026-03-31;2026-08-26;ei;ei;2;Kotera Group, No Dig Alliance;15 vuotta vanha | Konsolidoituva toimiala: Maarakennus | Toimialalla maarakennus on 14 aktiivista ostajaa jotka ovat tehneet yhteensä 23 yritysostoa vuodesta 2023, aktiivisin on Lotus Demolition Oy | Tilinpäätös rekisteröity juuri | Ei koskaan nimenmuutosta | Pääkaupunkiseudun ulkopuolella;https://tietopalvelu.ytj.fi/yritys/2346391-3
11;Södös gräv o. Transport Ab Oy;0198507-5;1976-03-19;50;43120;Maarakennus;YTTERESSE;68810;3116132;3012625;3.4;2026-04-30;2026-08-13;ei;ei;2;Kotera Group, No Dig Alliance;50 vuotta vanha | Konsolidoituva toimiala: Maarakennus | Toimialalla maarakennus on 14 aktiivista ostajaa jotka ovat tehneet yhteensä 23 yritysostoa vuodesta 2023, aktiivisin on Lotus Demolition Oy | Tilinpäätös rekisteröity juuri | Pääkaupunkiseudun ulkopuolella;https://tietopalvelu.ytj.fi/yritys/0198507-5
11;Asennuspalvelu Vainionpää Oy;0848416-9;1991-09-11;35;33200;Teollinen asennus;TEUVA;64700;2145683;1693125;26.7;2025-12-31;2026-07-07;ei;ei;2;Kotera Group, Teqnion;35 vuotta vanha | Konsolidoituva toimiala: Teollinen asennus | Toimialalla teollinen asennus on 6 aktiivista ostajaa jotka ovat tehneet yhteensä 8 yritysostoa vuodesta 2023, aktiivisin on DC Works Finland Oy | Tilinpäätös rekisteröity juuri | Tase kasvoi 27 % | Pääkaupunkiseudun ulkopuolella;https://tietopalvelu.ytj.fi/yritys/0848416-9
11;Konekauha Oy;0110154-0;1960-11-25;66;43120;Maarakennus;VANTAA;01760;1820505;1602063;13.6;2026-04-30;2026-07-21;ei;ei;2;Kotera Group, No Dig Alliance;66 vuotta vanha | Konsolidoituva toimiala: Maarakennus | Toimialalla maarakennus on 14 aktiivista ostajaa jotka ovat tehneet yhteensä 23 yritysostoa vuodesta 2023, aktiivisin on Lotus Demolition Oy | Tilinpäätös rekisteröity juuri | Ei koskaan nimenmuutosta;https://tietopalvelu.ytj.fi/yritys/0110154-0
11;Scanding Oy;2278401-0;2009-08-05;17;43210;Sähköasennus;TUUSULA;04320;1539736;1556263;-1.1;2025-12-31;2026-06-11;ei;ei;1;Kotera Group;17 vuotta vanha | Konsolidoituva toimiala: Sähköasennus | Toimialalla sähköasennus on 38 aktiivista ostajaa jotka ovat tehneet yhteensä 67 yritysostoa vuodesta 2023, aktiivisin on KONE Hissit Oy | Tilinpäätös rekisteröity juuri | Pääkaupunkiseudun ulkopuolella;https://tietopalvelu.ytj.fi/yritys/2278401-0
10;Maanrakennusliike Arno Ruusunlehti Oy;0288777-6;1975-12-19;51;43120;Maarakennus;ESPOO;02920;21901443;20093679;9;2026-04-30;2026-09-22;ei;ei;1;Kotera Group;51 vuotta vanha | Konsolidoituva toimiala: Maarakennus | Toimialalla maarakennus on 14 aktiivista ostajaa jotka ovat tehneet yhteensä 23 yritysostoa vuodesta 2023, aktiivisin on Lotus Demolition Oy | Tilinpäätös rekisteröity juuri;https://tietopalvelu.ytj.fi/yritys/0288777-6
10;Kavika Oy;2115053-4;2007-05-14;19;25990;Metallituotteet;JÄRVENPÄÄ;04430;5647321;5525037;2.2;2026-05-31;2026-08-22;ei;ei;1;Teqnion;19 vuotta vanha | Konsolidoituva toimiala: Metallituotteet | Toimialalla metallituotteet on 13 aktiivista ostajaa jotka ovat tehneet yhteensä 28 yritysostoa vuodesta 2023, aktiivisin on Fibroc Oy | Tilinpäätös rekisteröity juuri | Pääkaupunkiseudun ulkopuolella;https://tietopalvelu.ytj.fi/yritys/2115053-4
10;Ilmastointitohtorit Oy;2092313-6;2007-02-06;19;81220;Erikoissiivous;JURVA;66300;5003367;4539041;10.2;2025-12-31;2026-06-04;ei;ei;2;Sponsor Capital, PiKa Puhtaus;19 vuotta vanha | Konsolidoituva toimiala: Erikoissiivous | Toimialalla erikoissiivous on 13 aktiivista ostajaa jotka ovat tehneet yhteensä 23 yritysostoa vuodesta 2023, aktiivisin on Camini Uusimaa Oy | Tilinpäätös rekisteröity juuri | Pääkaupunkiseudun ulkopuolella;https://tietopalvelu.ytj.fi/yritys/2092313-6
