pisteet;nimi;orgnr;perustettu;ika_v;toimialakoodi;toimiala;kaupunki;liikevaihto_nok;liikevaihto_eur_arvio;tilikausi;henkilonimi;perustelut;tarkista
14;TVERÅS MASKIN & TRANSPORT AS;958324014;1995-02-19;31;43120;Grunnarbeid;STJØRDAL;607340696;51909461;2025-12-31;kyllä;31 vuotta vanha | Konsolidoituva toimiala: Maarakennus | Tilinpäätös rekisteröity juuri | Henkilönimi yhtiön nimessä | Ei koskaan nimenmuutosta | Työnantajarekisterissä | Pääkaupunkiseudun ulkopuolella;https://virksomhet.brreg.no/nb/oppslag/enheter/958324014
14;ALF JOHANSEN AS;910402722;1995-03-12;31;43120;Grunnarbeid;SELJORD;487930869;41703493;2025-12-31;kyllä;31 vuotta vanha | Konsolidoituva toimiala: Maarakennus | Tilinpäätös rekisteröity juuri | Henkilönimi yhtiön nimessä | Ei koskaan nimenmuutosta | Työnantajarekisterissä | Pääkaupunkiseudun ulkopuolella;https://virksomhet.brreg.no/nb/oppslag/enheter/910402722
14;INGENIØR IVAR PETTERSEN AS;961773490;1995-02-20;31;43210;Elektrisk installasjonsarbeid;DRAMMEN;327412444;27983970;2025-12-31;kyllä;31 vuotta vanha | Konsolidoituva toimiala: Sähköasennus | Tilinpäätös rekisteröity juuri | Henkilönimi yhtiön nimessä | Ei koskaan nimenmuutosta | Työnantajarekisterissä | Pääkaupunkiseudun ulkopuolella;https://virksomhet.brreg.no/nb/oppslag/enheter/961773490
14;Håkanes Maskin A/S;946054224;1995-02-19;31;43120;Grunnarbeid;MILAND;318484737;27220918;2024-12-31;kyllä;31 vuotta vanha | Konsolidoituva toimiala: Maarakennus | Tilinpäätös rekisteröity juuri | Henkilönimi yhtiön nimessä | Ei koskaan nimenmuutosta | Työnantajarekisterissä | Pääkaupunkiseudun ulkopuolella;https://virksomhet.brreg.no/nb/oppslag/enheter/946054224
14;AUT MASKINENTREPRENØR OLAV MARTIN SØRLI AS;979389523;1997-12-03;29;43120;Grunnarbeid;KRISTIANSAND S;314353252;26867799;2025-12-31;kyllä;29 vuotta vanha | Konsolidoituva toimiala: Maarakennus | Tilinpäätös rekisteröity juuri | Henkilönimi yhtiön nimessä | Ei koskaan nimenmuutosta | Työnantajarekisterissä | Pääkaupunkiseudun ulkopuolella;https://virksomhet.brreg.no/nb/oppslag/enheter/979389523
14;KRØDEREN ELEKTRO AS;941163343;1995-02-19;31;43210;Elektrisk installasjonsarbeid;KRØDEREN;310918125;26574199;2025-12-31;kyllä;31 vuotta vanha | Konsolidoituva toimiala: Sähköasennus | Tilinpäätös rekisteröity juuri | Henkilönimi yhtiön nimessä | Ei koskaan nimenmuutosta | Työnantajarekisterissä | Pääkaupunkiseudun ulkopuolella;https://virksomhet.brreg.no/nb/oppslag/enheter/941163343
14;BERGEN ELEKTROKOMPETANSE AS;881926202;2000-04-18;26;43210;Engroshandel med maskiner og utstyr ellers;KOKSTAD;262539632;22439285;2025-12-31;kyllä;26 vuotta vanha | Konsolidoituva toimiala: Sähköasennus | Tilinpäätös rekisteröity juuri | Henkilönimi yhtiön nimessä | Ei koskaan nimenmuutosta | Työnantajarekisterissä | Pääkaupunkiseudun ulkopuolella;https://virksomhet.brreg.no/nb/oppslag/enheter/881926202
14;XPERT INSTALLASJON AS;981574036;2000-02-16;26;43210;Elektrisk installasjonsarbeid;TØNSBERG;187140017;15994873;2025-12-31;kyllä;26 vuotta vanha | Konsolidoituva toimiala: Sähköasennus | Tilinpäätös rekisteröity juuri | Henkilönimi yhtiön nimessä | Ei koskaan nimenmuutosta | Työnantajarekisterissä | Pääkaupunkiseudun ulkopuolella;https://virksomhet.brreg.no/nb/oppslag/enheter/981574036
14;ELEKTROFAG JÆREN AS;982587786;2000-11-10;26;43210;Elektrisk installasjonsarbeid;VIGRESTAD;163588646;13981936;2025-12-31;kyllä;26 vuotta vanha | Konsolidoituva toimiala: Sähköasennus | Tilinpäätös rekisteröity juuri | Henkilönimi yhtiön nimessä | Ei koskaan nimenmuutosta | Työnantajarekisterissä | Pääkaupunkiseudun ulkopuolella;https://virksomhet.brreg.no/nb/oppslag/enheter/982587786
14;THORE MAGNUSSEN OG SØNN AS;975950824;1995-12-18;31;43120;Grunnarbeid;BØSTAD;161083954;13767859;2025-12-31;kyllä;31 vuotta vanha | Konsolidoituva toimiala: Maarakennus | Tilinpäätös rekisteröity juuri | Henkilönimi yhtiön nimessä | Ei koskaan nimenmuutosta | Työnantajarekisterissä | Pääkaupunkiseudun ulkopuolella;https://virksomhet.brreg.no/nb/oppslag/enheter/975950824
14;FARBU OG GAUSEN AS;980396762;1999-01-19;27;43120;Grunnarbeid;INDERØY;157450251;13457286;2025-12-31;kyllä;27 vuotta vanha | Konsolidoituva toimiala: Maarakennus | Tilinpäätös rekisteröity juuri | Henkilönimi yhtiön nimessä | Ei koskaan nimenmuutosta | Työnantajarekisterissä | Pääkaupunkiseudun ulkopuolella;https://virksomhet.brreg.no/nb/oppslag/enheter/980396762
14;KAARE MORTENSEN AS;956813301;1995-02-19;31;43120;Grunnarbeid;LARVIK;143504866;12265373;2025-12-31;kyllä;31 vuotta vanha | Konsolidoituva toimiala: Maarakennus | Tilinpäätös rekisteröity juuri | Henkilönimi yhtiön nimessä | Ei koskaan nimenmuutosta | Työnantajarekisterissä | Pääkaupunkiseudun ulkopuolella;https://virksomhet.brreg.no/nb/oppslag/enheter/956813301
14;SIGURD FURULUND MASKIN AS;976950275;1996-12-03;30;43120;Grunnarbeid;JESSHEIM;142781055;12203509;2025-12-31;kyllä;30 vuotta vanha | Konsolidoituva toimiala: Maarakennus | Tilinpäätös rekisteröity juuri | Henkilönimi yhtiön nimessä | Ei koskaan nimenmuutosta | Työnantajarekisterissä | Pääkaupunkiseudun ulkopuolella;https://virksomhet.brreg.no/nb/oppslag/enheter/976950275
14;JOHN GALTEN AS;983792324;2001-10-11;25;43120;Grunnarbeid;RENA;142140385;12148751;2025-12-31;kyllä;25 vuotta vanha | Konsolidoituva toimiala: Maarakennus | Tilinpäätös rekisteröity juuri | Henkilönimi yhtiön nimessä | Ei koskaan nimenmuutosta | Työnantajarekisterissä | Pääkaupunkiseudun ulkopuolella;https://virksomhet.brreg.no/nb/oppslag/enheter/983792324
14;LINDHAUGEN AS;979743467;1998-04-03;28;43120;Grunnarbeid;SKJEBERG;141964571;12133724;2025-12-31;kyllä;28 vuotta vanha | Konsolidoituva toimiala: Maarakennus | Tilinpäätös rekisteröity juuri | Henkilönimi yhtiön nimessä | Ei koskaan nimenmuutosta | Työnantajarekisterissä | Pääkaupunkiseudun ulkopuolella;https://virksomhet.brreg.no/nb/oppslag/enheter/979743467
14;L GRØNAASEN TRANSPORT AS;950948906;1995-02-19;31;49410;Godstransport på vei;PORSGRUNN;139034432;11883285;2025-12-31;kyllä;31 vuotta vanha | Konsolidoituva toimiala: Tieliikenteen tavarankuljetus | Tilinpäätös rekisteröity juuri | Henkilönimi yhtiön nimessä | Ei koskaan nimenmuutosta | Työnantajarekisterissä | Pääkaupunkiseudun ulkopuolella;https://virksomhet.brreg.no/nb/oppslag/enheter/950948906
14;ABICON ELEKTRO AS;976052560;1996-02-01;30;43210;Elektrisk installasjonsarbeid;DRAMMEN;135686332;11597122;2025-12-31;kyllä;30 vuotta vanha | Konsolidoituva toimiala: Sähköasennus | Tilinpäätös rekisteröity juuri | Henkilönimi yhtiön nimessä | Ei koskaan nimenmuutosta | Työnantajarekisterissä | Pääkaupunkiseudun ulkopuolella;https://virksomhet.brreg.no/nb/oppslag/enheter/976052560
14;Erik Håland Maskin A/S;947504436;1995-02-19;31;43120;Grunnarbeid;NÆRBØ;120916207;10334719;2025-12-31;kyllä;31 vuotta vanha | Konsolidoituva toimiala: Maarakennus | Tilinpäätös rekisteröity juuri | Henkilönimi yhtiön nimessä | Ei koskaan nimenmuutosta | Työnantajarekisterissä | Pääkaupunkiseudun ulkopuolella;https://virksomhet.brreg.no/nb/oppslag/enheter/947504436
14;HÅKERUD JOHANSEN TRANSPORT AS;982797632;2001-01-12;25;49410;Godstransport på vei;RAUFOSS;116313250;9941303;2025-12-31;kyllä;25 vuotta vanha | Konsolidoituva toimiala: Tieliikenteen tavarankuljetus | Tilinpäätös rekisteröity juuri | Henkilönimi yhtiön nimessä | Ei koskaan nimenmuutosta | Työnantajarekisterissä | Pääkaupunkiseudun ulkopuolella;https://virksomhet.brreg.no/nb/oppslag/enheter/982797632
14;PER JOHANSEN TRANSPORT AS;859860222;1995-02-19;31;49410;Godstransport på vei;HERØY;110179570;9417057;2025-12-31;kyllä;31 vuotta vanha | Konsolidoituva toimiala: Tieliikenteen tavarankuljetus | Tilinpäätös rekisteröity juuri | Henkilönimi yhtiön nimessä | Ei koskaan nimenmuutosta | Työnantajarekisterissä | Pääkaupunkiseudun ulkopuolella;https://virksomhet.brreg.no/nb/oppslag/enheter/859860222
14;STAVANGER INSTALLASJON AS;952709003;1995-02-19;31;43210;Elektrisk installasjonsarbeid;STAVANGER;109801044;9384705;2025-12-31;kyllä;31 vuotta vanha | Konsolidoituva toimiala: Sähköasennus | Tilinpäätös rekisteröity juuri | Henkilönimi yhtiön nimessä | Ei koskaan nimenmuutosta | Työnantajarekisterissä | Pääkaupunkiseudun ulkopuolella;https://virksomhet.brreg.no/nb/oppslag/enheter/952709003
14;BERGQUIST MASKIN OG TRANSPORT AS;967099201;1995-02-20;31;49410;Godstransport på vei;RØMSKOG;109491050;9358209;2025-12-31;kyllä;31 vuotta vanha | Konsolidoituva toimiala: Tieliikenteen tavarankuljetus | Tilinpäätös rekisteröity juuri | Henkilönimi yhtiön nimessä | Ei koskaan nimenmuutosta | Työnantajarekisterissä | Pääkaupunkiseudun ulkopuolella;https://virksomhet.brreg.no/nb/oppslag/enheter/967099201
14;MAGNE SVEEN AS;860318822;1995-02-19;31;43120;Grunnarbeid;RAUFOSS;109078258;9322928;2025-12-31;kyllä;31 vuotta vanha | Konsolidoituva toimiala: Maarakennus | Tilinpäätös rekisteröity juuri | Henkilönimi yhtiön nimessä | Ei koskaan nimenmuutosta | Työnantajarekisterissä | Pääkaupunkiseudun ulkopuolella;https://virksomhet.brreg.no/nb/oppslag/enheter/860318822
14;ELEKTROSERVICE HALLINGDAL INSTALLASJON AS;980672522;1999-05-03;27;43210;Elektrisk installasjonsarbeid;ÅL;105475982;9015041;2025-12-31;kyllä;27 vuotta vanha | Konsolidoituva toimiala: Sähköasennus | Tilinpäätös rekisteröity juuri | Henkilönimi yhtiön nimessä | Ei koskaan nimenmuutosta | Työnantajarekisterissä | Pääkaupunkiseudun ulkopuolella;https://virksomhet.brreg.no/nb/oppslag/enheter/980672522
14;THOR TENDEN TRANSPORT AS;942623232;1995-02-19;31;49410;Godstransport på vei;STRYN;105065840;8979986;2025-12-31;kyllä;31 vuotta vanha | Konsolidoituva toimiala: Tieliikenteen tavarankuljetus | Tilinpäätös rekisteröity juuri | Henkilönimi yhtiön nimessä | Ei koskaan nimenmuutosta | Työnantajarekisterissä | Pääkaupunkiseudun ulkopuolella;https://virksomhet.brreg.no/nb/oppslag/enheter/942623232
14;BRØDRENE HANSEN TRANSPORT AS;979803672;1998-04-30;28;49410;Godstransport på vei;PORSGRUNN;101947497;8713461;2025-12-31;kyllä;28 vuotta vanha | Konsolidoituva toimiala: Tieliikenteen tavarankuljetus | Tilinpäätös rekisteröity juuri | Henkilönimi yhtiön nimessä | Ei koskaan nimenmuutosta | Työnantajarekisterissä | Pääkaupunkiseudun ulkopuolella;https://virksomhet.brreg.no/nb/oppslag/enheter/979803672
14;AS BTS-BERGEN TRANSPORT & SPEDISJON;921348398;1995-03-12;31;49410;Godstransport på vei;BERGEN;98452093;8414709;2025-12-31;kyllä;31 vuotta vanha | Konsolidoituva toimiala: Tieliikenteen tavarankuljetus | Tilinpäätös rekisteröity juuri | Henkilönimi yhtiön nimessä | Ei koskaan nimenmuutosta | Työnantajarekisterissä | Pääkaupunkiseudun ulkopuolella;https://virksomhet.brreg.no/nb/oppslag/enheter/921348398
14;O WESTAD & SØNNER AS;931777319;1995-02-19;31;49410;Godstransport på vei;VESTBY;98343725;8405447;2025-12-31;kyllä;31 vuotta vanha | Konsolidoituva toimiala: Tieliikenteen tavarankuljetus | Tilinpäätös rekisteröity juuri | Henkilönimi yhtiön nimessä | Ei koskaan nimenmuutosta | Työnantajarekisterissä | Pääkaupunkiseudun ulkopuolella;https://virksomhet.brreg.no/nb/oppslag/enheter/931777319
14;EL-EXPERTEN AS;982056497;2000-06-08;26;43210;Elektrisk installasjonsarbeid;EGERSUND;96373196;8237025;2025-12-31;kyllä;26 vuotta vanha | Konsolidoituva toimiala: Sähköasennus | Tilinpäätös rekisteröity juuri | Henkilönimi yhtiön nimessä | Ei koskaan nimenmuutosta | Työnantajarekisterissä | Pääkaupunkiseudun ulkopuolella;https://virksomhet.brreg.no/nb/oppslag/enheter/982056497
14;GALÅEN TRANSPORT AS;978677339;1997-07-07;29;49410;Godstransport på vei;RØROS;92314538;7890131;2025-12-31;kyllä;29 vuotta vanha | Konsolidoituva toimiala: Tieliikenteen tavarankuljetus | Tilinpäätös rekisteröity juuri | Henkilönimi yhtiön nimessä | Ei koskaan nimenmuutosta | Työnantajarekisterissä | Pääkaupunkiseudun ulkopuolella;https://virksomhet.brreg.no/nb/oppslag/enheter/978677339
14;AS BREDESEN GRAVING & TRANSPORT;936276083;1995-02-19;31;43120;Grunnarbeid;SUNNDALSØRA;91103678;7786639;2025-12-31;kyllä;31 vuotta vanha | Konsolidoituva toimiala: Maarakennus | Tilinpäätös rekisteröity juuri | Henkilönimi yhtiön nimessä | Ei koskaan nimenmuutosta | Työnantajarekisterissä | Pääkaupunkiseudun ulkopuolella;https://virksomhet.brreg.no/nb/oppslag/enheter/936276083
14;BLINDHEIM MASKIN & TRANSPORT AS;977518873;1997-05-12;29;43120;Grunnarbeid;ÅLESUND;90206900;7709991;2025-12-31;kyllä;29 vuotta vanha | Konsolidoituva toimiala: Maarakennus | Tilinpäätös rekisteröity juuri | Henkilönimi yhtiön nimessä | Ei koskaan nimenmuutosta | Työnantajarekisterissä | Pääkaupunkiseudun ulkopuolella;https://virksomhet.brreg.no/nb/oppslag/enheter/977518873
14;MEKVIK MASKIN AS;914240980;1995-03-12;31;43120;Grunnarbeid;KRISTIANSUND N;85431744;7301858;2025-12-31;kyllä;31 vuotta vanha | Konsolidoituva toimiala: Maarakennus | Tilinpäätös rekisteröity juuri | Henkilönimi yhtiön nimessä | Ei koskaan nimenmuutosta | Työnantajarekisterissä | Pääkaupunkiseudun ulkopuolella;https://virksomhet.brreg.no/nb/oppslag/enheter/914240980
14;SVANEVIK TRANSPORT & UTLEIE AS;977087848;1997-01-14;29;49410;Godstransport på vei;LODDEFJORD;83883190;7169503;2025-12-31;kyllä;29 vuotta vanha | Konsolidoituva toimiala: Tieliikenteen tavarankuljetus | Tilinpäätös rekisteröity juuri | Henkilönimi yhtiön nimessä | Ei koskaan nimenmuutosta | Työnantajarekisterissä | Pääkaupunkiseudun ulkopuolella;https://virksomhet.brreg.no/nb/oppslag/enheter/977087848
14;PAULSEN MASKIN AS;933907074;1995-03-12;31;43120;Grunnarbeid;RØRVIK;82019494;7010213;2025-12-31;kyllä;31 vuotta vanha | Konsolidoituva toimiala: Maarakennus | Tilinpäätös rekisteröity juuri | Henkilönimi yhtiön nimessä | Ei koskaan nimenmuutosta | Työnantajarekisterissä | Pääkaupunkiseudun ulkopuolella;https://virksomhet.brreg.no/nb/oppslag/enheter/933907074
14;SERVICE ELEKTRIKEREN AS;966291192;1995-03-12;31;43210;Elektrisk installasjonsarbeid;FYLLINGSDALEN;80628068;6891288;2025-12-31;kyllä;31 vuotta vanha | Konsolidoituva toimiala: Sähköasennus | Tilinpäätös rekisteröity juuri | Henkilönimi yhtiön nimessä | Ei koskaan nimenmuutosta | Työnantajarekisterissä | Pääkaupunkiseudun ulkopuolella;https://virksomhet.brreg.no/nb/oppslag/enheter/966291192
14;ERLANDSEN TRANSPORT AS;876519062;1996-06-15;30;49410;Godstransport på vei;HARSTAD;79404849;6786739;2025-12-31;kyllä;30 vuotta vanha | Konsolidoituva toimiala: Tieliikenteen tavarankuljetus | Tilinpäätös rekisteröity juuri | Henkilönimi yhtiön nimessä | Ei koskaan nimenmuutosta | Työnantajarekisterissä | Pääkaupunkiseudun ulkopuolella;https://virksomhet.brreg.no/nb/oppslag/enheter/876519062
14;ØYVIND JENSEN TERMOTRANSPORT AS;968542788;1995-02-20;31;49410;Godstransport på vei;FAUSKE;75515010;6454274;2025-12-31;kyllä;31 vuotta vanha | Konsolidoituva toimiala: Tieliikenteen tavarankuljetus | Tilinpäätös rekisteröity juuri | Henkilönimi yhtiön nimessä | Ei koskaan nimenmuutosta | Työnantajarekisterissä | Pääkaupunkiseudun ulkopuolella;https://virksomhet.brreg.no/nb/oppslag/enheter/968542788
14;TARALDSVIK MASKIN AS;977566584;1997-05-28;29;43120;Grunnarbeid;NARVIK;71453284;6107118;2025-12-31;kyllä;29 vuotta vanha | Konsolidoituva toimiala: Maarakennus | Tilinpäätös rekisteröity juuri | Henkilönimi yhtiön nimessä | Ei koskaan nimenmuutosta | Työnantajarekisterissä | Pääkaupunkiseudun ulkopuolella;https://virksomhet.brreg.no/nb/oppslag/enheter/977566584
14;Arne Rød & CO AS;919700572;1995-02-19;31;43120;Grunnarbeid;SANDEFJORD;70348107;6012659;2024-12-31;kyllä;31 vuotta vanha | Konsolidoituva toimiala: Maarakennus | Tilinpäätös rekisteröity juuri | Henkilönimi yhtiön nimessä | Ei koskaan nimenmuutosta | Työnantajarekisterissä | Pääkaupunkiseudun ulkopuolella;https://virksomhet.brreg.no/nb/oppslag/enheter/919700572
