ostoja;nimi;y_tunnus;toimialakoodi;perustettu;ensimmainen_osto;viimeisin_osto;ostetut_brandit
352;Mehiläinen Oy;1927556-5;86220;2005-02-28;2006-06-16;2026-09-14;Lahden Diakonialaitoksen Lääkäriasema (2006) | Silmäjaarli (2006) | Lääkäriasema Jaarli (2006) | MediPiko (2006) | Jyväskylän Röntgenlaitos (2007) | Forumin Hammaslääkärikeskus (2007) | Torilinnan Lääkäriasema (2009) | Vaasan Magneetti (2011) | Uuraisten palvelukoti (2012) | Crystal-Revontuli (2012) | Hyvinkään Perhekeskus (2012) | Lastenpsykiatrinen Sairaala Peippo (2012)
260;Kotikatu Oy;0743414-3;81100;1989-06-21;2016-04-01;2026-05-31;PH Huolto-Pro (2016) | kh-taloushallinto (2016) | Myketek (2016) | Itä-Vantaan Kiinteistöhuolto (2017) | Suomenojan Kiinteistöpalvelu (2017) | Vermon Huolto (2017) | Suomenojan Kiinteistöhuolto (2017) | Finnoon Kiinteistöhuolto (2017) | Pohjois-Espoon Kiinteistöhuolto (2017) | Finnoon Kiinteistöpalvelu (2017) | Länsiväylän Huolto (2017) | Itä-Vantaan Huolto (2017)
140;PlusTerveys Oy;0224239-6;86230;1978-01-06;1990-03-07;2024-12-31;Hammaslääkäriasema Kosken Suu (1990) | Keminsuun Hammas (1990) | Hovihammaslääkärit-Hovtandläkarna (1990) | Hammaspiste (1990) | AAA-Hammaslääkärit (1991) | Hammaslääkäriasema Vihreä Omena (1998) | Helmen Hammaslääkärit (1998) | Hammaslääkärit Jaarte & Jungell - Tandläkarna Jaarte & Jungell (1998) | Hauenhammas - Gäddtanden (1998) | City-Röntgen (1998) | Wasaborgin Hammaslääkärit - Tandläkarna i Wasaborg (1998) | Hammaslääkärikeskus Pulpa (1998)
89;Sitowise Oy;2335445-0;71121;2010-10-31;2010-10-31;2025-04-30;Sito-konsultit (2010) | Suomalainen Insinööritoimisto (2010) | Finnish Consulting Engineers (2010) | YS Sito (2010) | Sitotilat (2010) | Fundatec (2013) | Sitosystems (2013) | Citycad Finland (2013) | Centroid Sito (2013) | Kontermo (2017) | KCC Konsulttikeskus (2017) | Kaakkois-Rakennuttajat (2017)
84;Retta Isännöinti Oy;0871684-7;68320;1991-11-27;2006-12-31;2026-04-30;Etelä-Karjalan SKV (2006) | Kalajokilaakson SKV (2006) | SKV Liikeisännöinti (2006) | Kemi-Tornion SKV Isännöintipalvelu (2006) | SKV Karkkilan Kirjanpito- ja Kiinteistötoimi (2006) | Etelä-Savon SKV Isännöinti (2006) | Kainuun SKV (2006) | Jakobstads Disponentbyrå SKV - Pietarsaaren Isännöintitoimisto SKV (2006) | Lounais-Hämeen SKV (2006) | Haminan SKV (2006) | Kanta-Hämeen SKV Isännöinti (2006) | Kymen Kiinteistö-Osaaminen (2006)
84;Sweco Finland Oy;2661738-3;71121;2015-02-06;2022-12-31;2026-05-31;Sweco Marine (2022) | AKO-Consulting (2022) | AIRIX Ympäristö (2022) | Opticad (2022) | Narmaplan (2022) | Sweco International (2022) | Insinööritoimisto Chydenius (2022) | FM-Projects (2022) | Air-Ix Tieto (2022) | Rovasuunnittelu (2022) | KA & Koivikko Engineering (2022) | Niemi & Co (2022)
68;Silmäasema Sairaala Oy;1493378-4;86220;1998-10-05;1999-03-22;2023-07-01;Suomen Silmälaser (1999) | Oulun Silmälaser (1999) | Seinäjoen Silmälaser (1999) | Tampereen Silmälaser (1999) | Lahden Silmälaser (1999) | Rovaniemen Silmälaser (1999) | Kuopion Silmälaser (1999) | Vaasan Silmälaser (1999) | Hämeen Silmäkeskus (2010) | Turun Silmälääkärikeskus (2011) | Medilaser Silmäkeskus (2012) | Medilaser Vantaa (2013)
68;Caverion Suomi Oy;0146519-2;43220;1960-12-23;1996-04-09;2026-07-02;Vesijohtoliike Raita (1996) | Vesi- ja Lämpöjohtoliike Ollikainen (1996) | PH Pundars (1998) | Ilmastointi Kuittinen (1999) | LVI-Helge Ahokas (1999) | Putkiura (2000) | LVI-Marjamaa (2000) | Huber Talotekniikka (2001) | Huber Servitek (2001) | LVI Forum (2001) | Virkkalan LVI (2001) | Liitos-Putki (2001)
61;Pihlajalinna Lääkärikeskukset Oy;2452505-5;86220;2012-01-10;2012-11-30;2025-04-01;Hoivamestari (2012) | Omasairaala (2016) | Helsingin Plastiikkakirurgian Erikoissairaala (2023) | Visita (2023) | Dalmed (2023) | Pihlajalinna Kymijoki (2023) | Joen Magneetti (2023) | Nordströmin Sairaala (2023) | Terveyspalvelu Verso (2023) | Kymijoen Työterveys (2023) | Dextra Medical Spa ja Plastiikkakirurginen sairaala (2023) | Koskiklinikka (2023)
57;Fit Global Oy;2771766-9;93130;2016-08-17;2016-10-03;2026-07-10;FIT Haukipudas (2016) | FIT Kuopio (2016) | FIT Karhula (2016) | Fit Hyvinkää (2016) | Fit Sveitsi (2016) | FiT Turku Skanssi (2017) | FIT Naantali (2017) | FIT Malminkartano (2017) | Fit Kaarina (2017) | Fit Pihlajisto (2017) | Fit Joutseno (2017) | Fit Eden (2017)
47;Vaasan Oy;1098322-3;10710;1997-07-07;2000-08-07;2023-02-02;Linnaleipä (2000) | Kolmileipä (2000) | Elopakari (2000) | Oulun Pakari (2000) | Vehnäkeskus (2000) | Vaasan Varras (2000) | Leipomo Uunilämmin (2000) | Stadin Leipomo (2000) | Tyykikylän Leipä (2000) | Joutsenolainen (2000) | Leipomo Iso-Heikkilä (2000) | Maijalan Leipomo (2000)
43;Oiva Isännöinti Oy;2430066-5;68320;2011-10-28;2020-09-29;2026-06-08;Avara PM (2020) | Aari Isännöinti (2020) | Oiva Isännöintipalvelu (2021) | Oiva AM (2021) | Oiva Advice (2021) | Oiva Asset Management (2021) | Oiva Management (2021) | Oiva Kiinteistöjohtamispalvelut (2021) | Oiva PM (2021) | Oiva Isännöinti Tampere (2023) | Oiva Isännöinti Jyväskylä (2023) | Jyväskylän Isännöintitiimi (2023)
42;HelppoKatsastus Oy;2184450-1;71201;2008-03-26;2010-02-08;2026-04-01;TATTARIHARJUN KATSASTUS (2010) | Niittykummun Katsastus (2011) | Helppokatsastus Heikinlaakso (2011) | Helppokatsastus Turku (2011) | Helppokatsastus Tampere (2011) | Helppokatsastus Kouvola (2011) | Helppokatsastus Niittykumpu (2011) | Helppokatsastus Lahti (2011) | Helppokatsastus Helsinki (2011) | Helppokatsastus Tattariharju (2011) | HelppoKatsastus Kuopio (2016) | HelppoKatsastus Kehä III (2016)
41;Bravida Finland Oy;2528874-1;43220;2013-02-14;2016-12-31;2025-11-30;Sähköliike Halmesvaara (2016) | Sähkö-Toleva (2016) | Halmesvaara (2016) | Rakennusliike Halmesvaara (2016) | Trison (2016) | Vesijohtoliike Halmesvaara (2016) | Sähköpeko Etelä-Suomi (2016) | RAU Tekniikka (2016) | Kiinteistötekniikka KS Kitek (2016) | Kiinteistöpalvelut Halmesvaara (2016) | Ilmastointiliike Halmesvaara (2016) | Asentaja Group Security (2017)
36;WSP Finland Oy;0875416-5;71121;1992-01-22;2002-12-31;2024-11-08;Liikennetekniikka (2002) | LT-Jyväskylä (2003) | WSP Fundus (2004) | LT-Konsultit (2004) | LT-Kuopio (2005) | Fundus (2005) | WSP TutkimusKORTES (2006) | WSP LT-Konsultit (2006) | WSP Suunnittelukortes (2006) | WSPGROUP (2006) | Gridpoint Finland (2008) | Insinööritoimisto Pekka Heikkilä (2008)
34;Oral Hammaslääkärit Oy;2863321-3;86230;2017-10-25;2022-05-31;2026-03-16;Ison Omenan Hammaslääkärikeskus (2022) | Ison Omenan Hammaslääkärit (2022) | Colosseum Dental Finland (2022) | Viherlaakson Hammaslääkärit (2022) | Helilän Hammaslääkärit (2022) | Niittyhuipun Hammaslääkärit (2022) | Hammasklinikka Puijon Hammas (2022) | Turun Hammaslääkärikeskus (2022) | City Hammaslääkärit (2022) | Espan Hammaslääkärikeskus (2022) | Renideo Hammaslääkärit (2022) | Oral Clinics Finland (2022)
33;A-Katsastus Oy;1959705-4;71201;2005-12-30;2020-10-31;2026-04-27;Suomen Katsastuspalvelu (2020) | Yksityiset K-asemat (2020) | A-Katsastuspiste (2020) | Vantaan Omakatsastus (2022) | Heinolan Omakatsastus (2022) | Lahden Omakatsastus (2022) | Omakatsastus (2022) | Heinäveden Katsastus (2022) | Keski-Savon Katsastus (2022) | Katsastusasema Guru (2022) | Itä-Savon Katsastus (2022) | Pohjois-Savon Katsastus (2022)
33;Camini Uusimaa Oy;2307816-9;81220;2010-01-19;2010-01-19;2024-04-05;Sipoon Sisäilmahuolto (2010) | Helsingfors Inneluftservice (2010) | Espoon Sisäilmahuolto (2010) | Sibbo Inneluftservice (2010) | Esbo Inneluftservice (2010) | Helsingin Sisäilmahuolto (2010) | Tammerfors Inneluftservice (2010) | Suomen Sisäilmahuolto (2010) | Suomen Ilmanvaihdon Mittaus- ja Säätö (2010) | Porvoon Sisäilmahuolto (2012) | Sisäilmahuollon IV-sähkömies (2012) | Vantaan Sisäilmahuolto (2013)
27;RTK-Palvelu Oy;2659323-8;81210;2014-12-18;2015-09-30;2026-04-30;Suur-Savon Siivous (2015) | Kanta-Helsingin Kiinteistöhuolto (2015) | Jyväskylän Siivouspalvelu (2015) | RTK Vaasa (2015) | Nodust (2015) | Kiinteistöhuolto Minerva (2015) | AK Ilmastointi (2015) | Oulun Kiinteistötaito (2015) | Kainuun Tili- ja Kiinteistöpalvelu (2015) | Siivoustekijät (2015) | Servisole Siivouspalvelu (2015) | Suomen Talkkaritalo (2015)
26;Lotus Demolition Oy;2693462-9;43120;2015-06-09;2019-10-29;2024-06-30;Karhupurku (2019) | Timanttiurakointi Hernesniemi (2020) | Suomen Homesaneeraus (2020) | Hesasbest (2020) | Lämpöset (2020) | Suomen Saneeraustekniikka (2020) | Seppo Lehtola (2020) | Rikano Purkutyöt (2020) | Delete Kierrätys- ja Purkupalvelut (2020) | ASB-Consult (2020) | HB Purkutekniikka (2020) | ASB-Yhtiöt (2020)
25;Diakon Palvelut Oy;0215490-0;88101;1978-01-20;1994-10-19;2024-03-05;Diakonialaitoksen Kiinteistöpalvelu (1994) | Diakonialaitoksen Talous- ja hallintopalvelu (2002) | Rauman hautaustoimisto (2002) | Diakonialaitoksen Hautauspalvelu (2004) | DiaFysio (2004) | Juhlapalvelu Pikantti (2004) | Diakonialaitoksen Rauman Kotihoitopalvelu (2005) | Diakonialaitoksen Kotihoitopalvelu (2005) | Turun Kotihoitopalvelu (2005) | DiaVirta (2006) | DiaSiivous (2007) | Ulvilan Hautaustoimisto (2007)
25;DELETE Finland Oy;1075521-2;81220;1996-11-22;2005-10-31;2024-12-31;Suomen Turbiinipuhdistus (2005) | Etelä-Suomen Prosessipuhdistus (2005) | Kymen Prosessipuhdistus (2005) | Megawac (2009) | Painehuuhtelu PTV (2011) | Putkistohuuhtelu PTV (2011) | Prope Finland (2011) | Tehoc (2012) | Rauman Talotoimi (2012) | Was-STE (2012) | Vuoksen Teollisuuspuhdistus (2012) | HB Paloturva (2014)
24;Tunturin Lääkärikeskus Oy;0953058-5;86220;1993-11-10;2005-05-04;2026-02-02;Levin Lääkäriasema (2005) | Rukan lääkäriasema (2007) | Levi First Aid (2010) | Levi Hospital (2010) | Ruka Hospital (2010) | Levi Emergency Room (2010) | Levin Ensiapu (2010) | Ruka First Aid (2010) | Ruka Medical Center (2010) | Ruka Emergency Room (2010) | Rukan Ensiapu (2010) | Levi Medical Center (2010)
23;Are Oy;0989493-6;43220;1994-12-31;2003-10-31;2023-04-01;Ilmaexpertit (2003) | Aresys (2005) | Kaksoisputki (2008) | Rakennus-Are (2008) | Putki-Sampo (2008) | Airmec (2014) | Kajaanin LVI-Ykkönen (2014) | Jäähdytystaito (2014) | Sähköliike Tekno (2014) | Suomen Sähkötalo (2014) | Are Talotekniikka (2014) | Wisepro (2014)
23;Pelican Finland Holding Oy;2249663-3;52100;2009-02-19;2010-06-02;2026-06-25;Pelican Säilytyshotelli (2010) | Pelican Varastopalvelu (2010) | Pelican Pienvarasto (2010) | Pelikaani Säilytyskeskus (2010) | Pelikaani Pienvarasto (2010) | Pelikaani Varasto (2010) | Pelican Säilytysratkaisut (2010) | Pelican Varastokeskus (2010) | Pelican Varasto (2010) | Pelican TilaaKaikelle (2010) | Pelikaani Säilytyspalvelu (2010) | Pelican Storage (2010)
23;Hammas Hohde Oy;2339589-3;86230;2010-06-15;2020-03-03;2023-12-31;Hohde Erikoishammaslääkäriklinikka (2020) | Hohde Klinikka (2020) | Hohde Hammassairaala (2020) | Gasellin Hammaslääkärit (2020) | Hohde Implanttiklinikka (2020) | Soppentien Kulmahammas (2021) | JJ DENT (2021) | Tikkurilan Hammaslääkärikeskus (2022) | Oris (2022) | Kasinonkulman Hammaslääkärit (2022) | Ala-Malmin Hammaslääkärit (2023) | Beckerintien Hammas (2023)
23;Exclusive Logistics Finland Oy;2568611-7;49410;2013-10-07;2015-04-07;2023-08-25;Exclusive Logistics Tampere (2015) | Exclusive Events (2015) | Exclusive Logistics (2015) | Exclusive Warehouse (2015) | BAG DROP @ HOME (2021) | Drive2Home (2021) | Store2Home (2021) | Drive To Home (2021) | Store2Business (2021) | Store To Work (2021) | Exclusive Logistics Turku (2021) | Exclusive Ride (2021)
21;Tahko24H Oy;1752372-1;81100;2002-03-27;2003-04-01;2025-11-30;TÄHKÖ (2003) | Levi24h (2004) | Messilä24h (2004) | Vartiointi24h (2004) | Saariselkä24h (2004) | Siivous24h (2004) | Service24h (2004) | Himos24h (2004) | Syöte24h (2004) | Vuokatti24h (2004) | Ruka24h (2004) | Security24h (2004)
21;Coronaria Hammasklinikka Oy;2207193-4;86230;2008-08-26;2013-12-10;2025-11-01;Hammasasema Apex (2013) | Lääkäriasema Dent (2013) | Hammasklinikka Dent (2018) | Terveystalo Sympatum (2019) | Hammasklinikka Kasarmikatu 7 B (2022) | Parolan Kulmahammas (2022) | Seadent (2022) | Cityhammas (2023) | Hyrylän Hammaslääkäriasema (2024) | Coronaria Hammasklinikka Otakaari (2025) | Coronaria Hammasklinikka Kalevankatu (2025) | Coronaria Hammasklinikka Tikkurila (2025)
21;PlusTerveys Hammasklinikat Oy;3265145-7;86230;2022-02-01;2022-10-06;2026-05-02;PlusTerveys Meän Hammas (2022) | PlusTerveys Hammaslääkärikeskus Janne (2022) | PlusTerveys HymyDent (2022) | PlusTerveys Kokonaishammashoidon klinikka Fredent (2022) | PlusTerveys Pukinmäen Hammas (2022) | PlusTerveys Euran Hammas (2022) | PlusTerveys Asematien Hammaslääkärit (2022) | PlusTerveys Hammaslääkäriasema Fossa (2022) | PlusTerveys Turun Hammaskulma (2022) | PlusTerveys Komia Hammas (2022) | PlusTerveys Forumin Hammaslääkärit (2022) | PlusTerveys Klinikat (2022)
19;KONE Hissit Oy;1904292-1;43210;2004-06-22;2005-05-13;2025-01-08;Suomen Hissi (2005) | Koneovet Suomi (2005) | Lohjan Hissihuolto (2005) | Turun Hissihuolto (2005) | Insinööritoimisto Geijer-Hissi (2005) | Lahden Hissityö (2005) | Teknoset (2005) | Uudenmaan Hissipalvelu (2005) | Hissi-Ala (2005) | Helsingin Hissiasennus (2005) | Koneportaat (2005) | Nokian Hissit (2005)
19;HKFoods Finland Oy;1951458-9;10130;2005-03-31;2012-12-30;2024-09-02;Järvi-Suomen Portti (2012) | Linobene (2012) | Linobon (2012) | Helanderin Teurastamo (2012) | Järvi-Suomen Kalkkuna (2013) | Järvi-Suomen Luomu (2013) | Makuportti (2013) | Tuoreportti (2013) | Maaseudun Lihatalo (2013) | Lounaisfarmi (2013) | Etelä-Suomen Teuraspalvelu (2013) | HK Agri (2013)
18;Joensuun Isännöinti-Ykköset Oy;0906132-8;68320;1992-12-02;1994-04-13;2025-10-07;Joensuun Rakennuttajakeskus (1994) | Kiinteistö-Y.P.P.E. (1994) | Isännöinti-Y.P.P.E. (1994) | Joensuun Tilikeskus (1994) | Tili-Y.P.P.E. (1994) | Euro-Y.P.P.E. (1994) | Vuokra-Y.P.P.E. (1994) | Tarkastus-Y.P.P.E. (1994) | ATK-Y.P.P.E. (1994) | Koli-Y.P.P.E. (1994) | ISYK (2022) | ISYK-Kevytisännöinti (2022)
17;Mitta Oy;0779388-3;71121;1989-12-29;2013-05-31;2025-12-31;Ricon (2013) | Keski-Suomen Mittauspalvelu (2015) | Oulun Geolab (2015) | Oulun Geolaboratorio (2015) | Infrakat (2015) | Helsingin Geolaboratorio (2019) | Mittaustalo Mapteam Mätningshuset (2019) | Geotek (2019) | MikPic (2019) | Digi-Viiva (2019) | Etelä-Suomen Mittauspalvelu (2020) | Koestus T&T (2021)
17;Aava ja Pikkujätti Oy;2311119-2;86220;2010-01-25;2010-06-23;2025-05-31;Postitalon Lääkäriasema (2010) | Matkailuklinikka /Travel Clinic (2010) | Lääkäriasema Medicity Tapiola (2010) | Helsingin Lääkärikeskus (2012) | GastroLääkärit (2012) | Lääkäriasema Sinulle (2012) | Järvenpään Yksityislääkärit (2012) | Aava Lääkärikeskus Turku (2012) | Aavatar Naisten Lääkärikeskus (2012) | Teslamed (2015) | Aava Navi (2017) | Aava Luotsi etähoito (2018)
15;DEKRA Katsastus Oy;2467455-2;71201;2012-03-27;2023-12-28;2024-02-01;DEKRA Toijalan Autokatsastus (2023) | DEKRA Sääksjärven Autokatsastus (2023) | DEKRA Tuurin Autokatsastus (2023) | DEKRA Valkeakosken Autokatsastus (2023) | DEKRA Lempäälän Autokatsastus (2023) | DEKRA Viholan Autokatsastus (2023) | DEKRA Sastamalan Autokatsastus (2023) | DEKRA Nokian Autokatsastus (2023) | DEKRA Lakalaivan Autokatsastus (2023) | DEKRA Forssan Autokatsastus (2023) | DEKRA Kaarinan Autokatsastus (2024) | DEKRA Keravan Autokatsastus (2024)
14;MV-Jäähdytys Oy;2487661-3;43220;2012-11-30;2019-08-12;2025-05-31;MV-Keittiöpalvelut (2019) | MV-Kitchen Service (2019) | Kitchen Service HO (2019) | TH-Line (2019) | Enertest (2020) | Elcool (2022) | Helmilämpö (2022) | Lahden Lämpöpumppuhuolto (2023) | Suomen Lämpöpumppuhuolto (2023) | Konehuolto Jorma Heikkonen (2023) | HCSS Service (2024) | Hot & Cool Systems Lahti (2024)
14;Fysioline Fressi Oy;2538910-4;93130;2013-08-01;2013-08-01;2025-09-19;Liikuntakeskus Fressi (2013) | Eliva - well at work (2013) | ME Studio (2013) | Kuopion Kuntostudio (2013) | Fressi Holding (2013) | Gymmika (2016) | Danafitness (2016) | Tapiola XL-Gym (2016) | Fysioline Evo (2020) | Kuntokeskus Atletico (2021) | Liikuntakeskus Syke (2021) | Takefit (2021)
14;Alltime Suomi Oy;2973031-4;81100;2019-02-27;2024-06-30;2025-04-30;Alltime Puhtauspalvelut (2024) | Kiinteistöhuolto Loman (2024) | Kotihaltia (2024) | Kiinteistöpalvelu ARIA (2024) | Alltime Kiinteistöpalvelut (2024) | Alltime Infrapalvelut (2024) | Väylätiimi (2024) | Alltime Napapiiri (2024) | Sodankylän kiinteistöpalvelut (2024) | Huoltokero (2024) | Tampereen Talopalvelut (2025) | Hyötytoimi Tampa (2025)
14;Mehiläinen Terveyspalvelut Oy;1723156-9;86220;2001-10-17;2007-10-01;2024-03-31;Remedix Terveyspalvelut (2007) | Mediverkko (2012) | Mediverkko oma terveysasemasi (2012) | Mediverkko oma lääkärisi (2012) | Psykologipalvelu Poiju (2022) | Mehiläinen Etälääketieteen keskus (2022) | Mehiläinen Julkiset Terveyspalvelut (2024) | Mehiläinen Senioripoliklinikka (2024) | Mehiläinen Lääkäripalvelut (2024) | Mehiläinen Liikkuva Lääkäri (2024) | UniCo (2024) | City Care (2024)
13;Sortera Oy;0234295-2;49410;1962-11-16;2013-02-07;2024-04-01;Suomen HB-Urakointipalvelu (2013) | Suomen HB-Konevuokraamo (2013) | Roskaralli (2013) | Suomen lumityöt (2013) | Huoltohokka (2013) | Suomen Vaihtolavapalvelu (2013) | Helsingin HB-Kuljetus (2015) | Romucom (2019) | Kiertocom (2019) | A-Group Vaihtolavat (2021) | Kaivuu ja Kuljetus A-Group (2021) | Satasenlava (2021)
13;Stera Technologies Oy;0799824-8;25110;1990-03-28;2009-12-17;2023-02-28;Fp-Tek (2009) | EM Industry (2009) | Hihra (2009) | EM Design (2009) | Levyosa (2009) | Stera Systems (2009) | Stera Machines (2009) | Aumec Systems (2009) | Componet Group CGH (2009) | Beertekno (2009) | Stera Mechanics (2009) | Elektromet Yhtiöt (2009)
13;Stonefoot Corp. Oy;0937622-3;81100;1993-11-17;2013-04-16;2026-02-15;Lossi Baari (2013) | Stonefoot Ravintola (2013) | Ravintola Paska (2014) | StoneFoot Kauppa (2014) | Kainuun Erälomat (2014) | Jumaliskylä Tinktuura (2018) | Arctic Pakuri (2018) | ARCTIC Hemp (2018) | Polar Chaga (2018) | Polar Pakuri (2018) | Heekki Capital (2021) | Heekki Architects (2026)
13;Flagmore Oy;1087482-8;13920;1997-04-30;1997-04-30;2026-03-31;Digifoto (1997) | Digitalshop (1997) | Digital Gallery (1998) | Digital Cafe (2003) | Ypä-tuote (2004) | Pohjoismaiden Lipputehdas (2004) | DigiMarin (2004) | Lipputaito (2004) | Suomen Lipputehdas (2004) | Lipputehdas Finn Marin (2004) | Helmipaino (2004) | Linnalippu (2005)
13;Veikko Lehti Oy;1460563-3;38110;1998-03-11;2000-11-30;2026-05-31;Porin Keräyspaperi (2000) | Satakunnan Jätehuolto (2000) | Jätehuolto Kantomäki (2008) | Rauman Seudun Ympäristöhuolto (2021) | Kokemäen Ympäristöhuolto (2021) | Äetsän Jätehuolto (2021) | Eurajoen Ympäristöhuolto (2021) | Merikarvian Jätehuolto (2021) | Lehti Energia (2021) | Riihimäen Jätehuolto (2021) | RL-Huolinta (2026) | RL-Palvelut (2026)
11;Sähköasennus Kuronen Oy;0576511-7;43210;1984-12-13;2015-05-12;2026-07-10;10CAM (2015) | 10TUOTTEET (2015) | 10NÄYTTÖ (2016) | 10SOLAR (2016) | 10ADS (2016) | 10ENERGY (2016) | 10mainostanyt (2018) | 10mainostanyt.fi (2018) | 10tori.fi (2018) | 10LATAUS (2025) | 10ICT (2026)
11;Loistohoiva Oy;2528425-7;88101;2013-02-12;2019-06-13;2023-09-30;Loistohoiva Espoo (2019) | Loistohoiva Helsinki (2019) | Loistohoiva Kauniainen (2019) | Loistohoiva Kirkkonummi (2019) | Loistohoiva Nurmijärvi (2019) | Loistohoiva Sipoo (2019) | Loistohoiva Turku (2019) | Loistohoiva Tuusula (2019) | Loistohoiva Uusimaa (2019) | Loistohoiva Vantaa (2019) | Vantaan Seniorihoiva (2023)
11;Tikka Health Oy;3376704-8;86230;2023-07-20;2024-06-14;2025-12-05;Matinkylän Hammaslääkärit (2024) | Käpylän hammaslääkärit (2024) | Dentists of Käpylä (2024) | Mattby Tandläkare (2024) | Tikka Hammaslääkärit (2024) | Tikka Terveys (2024) | Tikka Tandläkare (2024) | Tikka Hälsa (2024) | Kottby Tandläkare (2024) | Dentists of Matinkylä (2024) | SNAP Group (2025)
11;Ventoniemi Oy;0131640-2;49310;1954-08-20;2002-12-31;2025-04-01;Riihimäen Liikenne (2002) | Tuusulan Matkatoimisto (2003) | Järvenpään Matkatoimisto (2003) | Nurmijärven Matkatoimisto (2003) | Vantaan Matkatoimisto (2003) | Riihimäen Matkatoimisto (2003) | Hyvinkään Matkatoimisto (2003) | Ventoniemi buses (2016) | Hauhon Liikenne (2020) | MATKA-VENTONIEMI (2020) | Väinö Ventoniemi (2025)
11;Medipulssi Oy;2769063-8;86210;2016-07-18;2016-07-18;2025-06-08;Medihelmi (2016) | Reilutesti (2021) | Suomen Todistuspalvelu (2024) | Suomen Vastaanotolle (2024) | Suomen Terveystietolomake (2024) | Suomen Lääkityslista (2024) | Suomen Labratulokset (2024) | Suomen Ihomuutokset (2024) | Suomen Ajokorttilausunto (2024) | Suomen Lääkeresepti (2025) | Suomen Mielenterveyspalvelu (2025)
11;Mainio Hoiva Oy;2769452-4;87301;2016-07-12;2025-09-30;2026-03-31;Kristallikodit (2025) | Kristallikartano (2025) | Kristallihovi (2025) | Hoivakoti Helmiorvokki (2025) | Hämeen Hoivakoti ja Kuntoutus (2025) | Palvelukoti Metsärinne (2025) | Vivante (2026) | Terveyspalvelut Vivante (2026) | Iltatuulikoti (2026) | Iltatuuli Kausala (2026) | Demik (2026)
11;Scandinavian Wellness Group Oy;2808358-1;93130;2017-01-25;2019-04-01;2026-04-10;Kuntokeskus Tammisto (2019) | Fit Aviapolis (2019) | Vantaan ulkosali (2020) | Tammiston ulkosali (2020) | Tammisto Outdoor Gym (2020) | Vantaa Outdoor Gym (2020) | Fit Vantaa (2020) | Tammisto Training Center (2024) | Training Paradise (2024) | FitVantaa Hyrox (2026) | FitVantaa Pilates (2026)
10;Katuhaukka Oy;0654365-5;49410;1987-02-04;1996-07-25;2025-07-16;Pikahaukka (1996) | Menox Express (2000) | PESUHAUKKA (2001) | Salon Muuttohaukka (2001) | Lähettihaukka (2008) | Huoltohaukka (2008) | Retkihaukka (2008) | Varastohaukka (2008) | Taksihaukka (2018) | HaukkaExpress (2025)
10;Tapola Oy Lihanjalostustehdas;0669223-9;10130;1987-08-12;1996-01-31;2024-09-02;Tampereen Mustamakkara (1996) | Tapolan Mustamakkara (2007) | Mansen Mustamakkara (2013) | Savupojat (2014) | Maalaisserkku (2014) | Tapolan Luomu (2019) | Papu Foods (2020) | Helsingin Majoneesitehdas (2024) | Helsingin Makkaratehdas (2024) | Mustamakkarabaari (2024)
10;Saaristolääkärit Oy - Skärgårdsdoktorn Ab;1808362-5;86220;2003-03-05;2007-03-05;2026-09-21;Punkkibussi (2007) | Flussabussi (2007) | Kesäklinikka (2007) | Punkkipuhelin (2015) | Punkkipäivät (2015) | Fästingdagar (2015) | Punkkitutka (2017) | Lauttasaaren lääkäriasema & rokotusklinikka (2023) | Pattipoliklinikka (2025) | PUNKKIBIILI (2026)
10;Verdis Oy;2230771-6;71121;2008-11-13;2015-12-31;2025-12-31;HFT Uusiomateriaalit (2015) | HFT Kierrätys (2015) | HFT Ympäristöpalvelut (2015) | HFT Network (2015) | HFT Holding (2015) | HFT Environment (2015) | MHK-Kuljetus (2025) | MKO Ympäristöpalvelut (2025) | Pellon Jätehuolto (2025) | Pohjolan Arkistotuho (2025)
10;Suomen LVIS-Huolto Oy;2263460-2;43220;2009-05-11;2012-06-13;2024-03-07;Itä-Suomen LVI-huolto (2012) | Uudenmaan LVI-Myynti (2012) | Uudenmaan IV-huolto (2015) | Suomen LVI-Huolto (2015) | Suomen IV-Huolto (2015) | Suomen LVlS-Palvelu (2020) | Suomen Lataustekniikka (2024) | Suomen LVISA-Huolto (2024) | Suomen LVIS-Kiinteistöhuolto (2024) | Suomen Tekninen Kiinteistöhuolto (2024)
10;Pohjoisen Ultra Oy;2916643-4;86220;2018-06-04;2023-12-02;2025-06-08;Rovaniemen Ultra (2023) | Turun Ultra (2023) | Lapin Ultra (2023) | Jyväskylän Ultra (2024) | Espoon Ultra (2024) | Raahen Ultra (2024) | Helsingin Ultra (2024) | Tampereen Ultra (2024) | Kuopion Ultra (2024) | Oulun Ultra (2025)
9;Heikkinen Yhtiöt Oy;0760867-6;43330;1985-12-05;2012-12-31;2026-05-07;Polarlattiat (2012) | Parkettikeskus (2012) | Tampereen Lattiatyö (2012) | Suomen Lattiatyö (2012) | SalpaCon (2012) | Väripiirto (2020) | Kloba (2021) | Ecofloor Finland (2022) | Raimatto (2026)
9;Chiller Oy;1919631-4;43220;2005-03-31;2019-12-31;2023-06-30;Chiller Lahti (2019) | Glukotek (2019) | Chiller Oulu (2019) | Chiller Kuopio (2019) | Arktiset (2019) | Amitta (2019) | Topcool (2019) | Chiller Jyväskylä (2019) | Chiller Tampere (2023)
9;Moilas Oy;1974649-4;10710;2005-11-30;2005-11-30;2025-12-31;Moilasen Leipomo (2005) | Moilas Eines (2005) | Moilas Kotipaisto (2005) | Moilas Pizza (2005) | Moilas Leipuri (2005) | Moilas Glutenfree (2005) | Moilas Leipomo (2019) | Moilas GF (2019) | MoilasInvest (2025)
9;Katsastus Kovalainen Oy;2250160-7;71201;2009-03-04;2009-03-04;2024-02-13;Lappeenrannan Q Katsastus (2009) | Joensuun Katsastus Kovalainen (2009) | Auto Katsa (2010) | Joensuun Autokatsastus (2024) | Joensuun Katsastus (2024) | Raatekankaan Autokatsastus (2024) | Raatekankaan Katsastus (2024) | Telitien Autokatsastus (2024) | Telitien Katsastus (2024)
9;Market Foods 500 Oy;2391912-4;10890;2011-03-18;2016-03-22;2026-05-08;Wokki Boxi (2016) | Mexican Cafe (2023) | Indian Cafe (2023) | Chicken Boxi (2023) | BBQ Boxi (2023) | Food Boxi (2023) | Lohjan Thai Cafe (2023) | Sushi Boxi (2023) | Merenranta Properties (2026)
9;Lempi kodinhoito Oy;3141130-4;81210;2020-06-18;2021-04-12;2026-05-22;Lempi siivous (2021) | Lempi kotisiivous (2021) | Oulun Kotisiivous (2023) | Koti Consulting MM (2023) | ViRoMa Siivouspalvelut (2025) | Serfino (2025) | Lempi Serfino (2025) | Lempi nallepalvelut (2025) | Lempi lastenhoito (2026)
8;Wiimax Oy;0186838-9;49310;1953-12-18;1989-12-07;2026-09-14;T. Konttila (1989) | Käkelän Liikenne (1989) | Oulaisten Liikenne (2025) | Karhun Liikenne (2025) | Kamusen Liikenne (2025) | Liikenne Huovari (2025) | Eskelisen Lapin Linjat (2026) | Lapin Linjat (2026)
8;Avento Oy;0604979-6;43220;1985-11-28;2008-07-04;2024-09-30;Lakeuden Sisäilmamestarit (2008) | Pohjolan Sisäilmamestarit (2019) | GreenAir (2023) | Avento Ilmanvaihto (2024) | Avento Rakennus (2024) | Avento Sisäilmapalvelut (2024) | Avento Talotekniikka (2024) | Seinäjoen Ilmastointi (2024)
8;Entos Oy;0668613-8;43220;1988-03-23;1991-05-29;2023-04-24;LVI-Säätöpalvelu R Pohjalainen (1991) | Sunoptimi (2005) | Optimi Projektipalvelut (2009) | Optimi Kiinteistötekniikka (2009) | Optimi Import (2009) | Optimi Turvapalvelut (2009) | EntosPro (2023) | Senser (2023)
8;Lohjan Antennipalvelu Oy;2153244-4;43210;2007-11-07;2007-11-07;2025-07-28;Vihdin Antennipalvelu (2007) | Lohjan Antennihuolto (2013) | Lohjan Antenniasennus (2013) | Karkkilan Antennipalvelu (2013) | Karkkilan Antenniasennus (2013) | Raaseporin Antennipalvelu (2025) | Tammisaaren Antennipalvelu (2025) | Valvovakamera (2025)
8;Täsmä PerusTerveys Oy;3186188-2;86220;2021-01-26;2022-04-05;2025-03-18;PerusTerveys Ideapark (2022) | PerusTerveys Oulun keskusta (2022) | PerusTerveys Ritaharju (2022) | PerusTerveys Kempele (2022) | PerusTerveys Kotilääkäri (2022) | PerusTerveys Kainuu (2022) | PerusTerveys Linnanmaa (2025) | PerusTerveys Oulunsalo (2025)
8;Plus Katsastus Pohjois-Pohjanmaa Oy;3265772-8;71201;2022-02-04;2022-02-04;2024-09-23;Plus Katsastus Kalajoki (2022) | Plus Katsastus Pietarsaari (2022) | Plus Katsastus Raahe (2022) | Plus Katsastus Kannus (2022) | Plus Katsastus Kokkola (2022) | Plus Katsastus Perhonjokilaakso (2023) | Plus Katsastus Nivala (2024) | Plus Katsastus Sievi (2024)
8;Heimogroup Oy;3290623-7;81100;2022-06-08;2022-06-08;2026-06-11;Suojacon (2022) | FINdivers (2022) | Palotaito (2022) | Nuohous Kirkkonummi (2026) | Nuohous Kauniainen (2026) | Tunturi-Lapin Nuohous (2026) | Nuohous Jyväskylä (2026) | Turvapalvelu Heimo (2026)
8;TL-Maint Oy;1769330-9;81100;2002-07-05;2014-04-30;2025-12-31;TL-Clean (2014) | KPL Kiinteistöpalvelut (2019) | Talohuolto Korpikannas (2019) | Jyväskylän Kiinteistöhuolto (2019) | Vaajakosken Kiinteistöhuolto (2019) | KS-KIINTEISTÖ (2025) | Kiinteistöhoito KMK (2025) | Laukaan Aave (2025)
7;Tapiolan Lämpö Oy;0194085-4;81100;1956-08-03;2017-01-04;2025-05-16;Karakallion Huolto (2017) | Karakallion Huolto - Kiinteistöenergia (2017) | JS-Audit (2017) | Myllärinmäen Lämpö (2019) | Kiinteistöhuolto MAK (2024) | Ehta Isännöinti (2025) | Kiinteistöhuolto Tahti (2025)
7;Suomen Sorakauppa Oy;0506125-9;49410;1982-06-17;2022-08-08;2023-10-06;Suomen hiekoitussepeli (2022) | Suomen Maa-ainekset.fi (2022) | Suomen Kivihiekka.fi (2022) | Uudenmaan sorakauppa (2022) | Pihaasi.fi (2022) | Suomen Hiekkaa.fi (2022) | Taxi Akaa (2023)
7;Anticimex Oy;0568693-7;81100;1985-01-24;2005-02-10;2024-12-31;Anti-Rattus (2005) | Desitor (2006) | Tuholaistorjunta Taisto Eronen (2015) | Karjalan Pest Stop (2015) | EStorjunta (2022) | Nopest (2023) | Anticimex Palvelut (2024)
7;Field Finland Oy;0916576-8;71121;1993-01-20;1999-09-08;2023-08-31;Tenet Finland (1999) | FM-Kartta (2006) | MapIT (2008) | SKM GISAIR (2023) | Suomen Kartoitus ja Mittaus SKM (2023) | GIS Air (2023) | TerraTec (2023)
7;Maxei Finland Oy;0927970-6;43210;1993-11-17;1993-11-17;2024-08-27;Maxei Sukellus (1993) | Maxei Matkat (1993) | Maxei Tuonti (1993) | Maxei Rakennus (1993) | Maxei Sähkö (1993) | Fresh Wash (2024) | Hesatek (2024)
7;A2B Turku Oy;0968725-9;49410;1994-06-01;1994-06-01;2024-12-04;Helsingin Pyörälähetit (1994) | Carexpress (1994) | Vango (1994) | Power Bar (1996) | Vihreät Lähetit (1996) | Vanxpress (1999) | Bikexpress (2024)
7;REIM Pääkaupunkiseutu Oy;0981149-1;68320;1994-06-22;2004-02-13;2023-12-31;REMO Real Estate and Management Operations (2004) | Isännöinti Aarno Saarinen (2020) | Etuisännöinti (2023) | Isännöitsijäunioni (2023) | REIM Espoo (2023) | REIM Helsinki (2023) | REIM Vantaa (2023)
7;Moonrock Oy;2393404-1;43120;2011-03-10;2018-01-25;2023-10-24;Rock 99 (2018) | RockCoin (2018) | Rock Coin 34250 (2018) | Rock Tech (2023) | Rock Tech Energy (2023) | Rock Tech Europa (2023) | Rock Tech Technology (2023)
7;Kiinteistöpalvelu Siiki Oy;3325001-4;81100;2022-11-16;2023-07-27;2025-01-01;Helsingin Kiinteistötekniikka (2023) | Voutilainen Kiinteistöpalvelut (2023) | Tampereen Kiinteistöpojat (2023) | Siivous- ja Kiinteistöpalvelu Tutto-Bene (2023) | Kiinteistöpalvelut KP-10 (2023) | Kiinteistö Leke (2023) | Kiinteistöpalvelu Siiki Helsinki (2025)
7;Kasilinja Oy;2620950-7;49310;2014-05-21;2021-09-17;2026-07-20;Someron Hinauspalvelu 24/7 (2021) | Salon Raskashinaus (2025) | Forssan Raskashinaus (2025) | Salon Hinauskuljetus (2025) | Someron Lokapalvelu (2025) | Elisenvaara Yhtiöt (2026) | Hinausautot Elisenvaara (2026)
7;Nordic Med Spa Oy;2936796-5;86220;2018-10-04;2018-10-04;2024-04-30;HYAcorp Suomi (2018) | Finnestetiikka (2018) | Nordic Med Academy (2020) | Nordic Med Clinic (2020) | Nordic Med Surgery (2020) | Nordic Med Import (2020) | Lumo Esthetics (2024)
6;Kuljetusliike O. Johansson Oy;0286570-2;49410;1979-02-09;2010-09-10;2023-09-25;Tornion Hinaus ja Autoapu (2010) | Kemin Hinaus ja Autoapu (2010) | A1 Hinauspalvelu (2023) | Kemin Hinauspalvelu (2023) | Keminmaan Hinauspalvelu (2023) | Tornion Hinauspalvelu (2023)
6;DCS Cleantech Oy;0549737-8;28990;1984-01-12;2001-04-30;2024-05-28;DUSTCO (2001) | DCS-INDUSTRIAL (2001) | DCS TechSol (2024) | DCS FlowTech (2024) | DCS Environmental (2024) | Dust Control Systems (2024)
6;Saipu Oy;0678395-8;43220;1987-11-25;2014-05-31;2025-01-01;SP-Net (2014) | Hartela Talotekniikka (2014) | Netdator (2014) | HT-Sähköpalvelu (2014) | Turun Valo ja Voima (2014) | Suomen Talotekniikka (2025)
6;Isännöintipalvelu Isarvo Oy Helsinki;0904897-5;68320;1992-07-31;1992-07-31;2025-12-31;Maunulan Isännöitsijätoimisto (1992) | Oulunkylän Isännöitsijätoimisto (1992) | Isännöitsijätupa (2020) | Isännöitsijätoimisto Wisenheimers (2025) | Wisenheimers (2025) | Isännöintipalvelu Isarvo Espoo (2025)
6;Helsingin Talotekniikka Oy;1070571-7;43210;1996-11-25;2002-03-26;2023-10-24;Helsingin Talotekniikka (2002) | Konsultointi Jo-Ki (2011) | Helsingin LVI- ja Kylmätekniikka (2013) | Helsingin Putkitekniikka (2013) | Helsingin Sähkötekniikka (2013) | El-Shop Finland (2023)
6;Wilhovuori Oy;1097725-3;93130;1997-08-12;2003-07-22;2023-10-19;Premium Republica (2003) | Hot Cakes (2010) | Napapiiri Jeans (2011) | Napapiiri Adventures (2011) | Napapiiri 1954 (2011) | Master of Turns (2023)
6;Snellmanin Kokkikartano Oy;1554059-5;10890;1999-09-16;2002-11-21;2024-12-31;Herrgårdsköket (2002) | KOKKIKARTANO (2007) | Mr. Panini (2019) | Snellman Pro (2019) | Endivo (2022) | Makunuotta (2024)
6;Haverinen Logistics Oy;1590508-0;49410;2000-03-01;2018-12-12;2023-11-23;Haverinen Ympäristöpalvelut (2018) | Haverinen Pikakuljetus (2018) | Haverinen Muutot (2018) | Haverinen Jakelu (2018) | Oulun Pienkuljetus (2020) | Kuljetus J. Haverinen (2023)
6;Coronaria Oy;1752598-9;86220;2002-04-26;2005-12-19;2025-11-01;Keikkalainen (2005) | Coronaria Hoitoketju (2018) | Coronaria Erikoissairaanhoito (2023) | Coronaria Uniklinikka (2025) | Coronaria Aino (2025) | Oivauni (2025)
6;Niinistö Consulting Oy;1858555-3;81300;2003-10-23;2012-01-05;2023-12-13;Ellenin (2012) | Studio Ellen (2012) | Ellen Interior (2012) | Ellen Design (2012) | Ellenin pihapalvelut (2023) | Ellenin pihat ja puutarhat (2023)
6;FCG Finnish Consulting Group Oy;1940671-3;71121;2005-01-21;2009-12-08;2023-05-31;Kuntakoulutus Helsinki (2009) | Efektia (2009) | Efeko (2009) | FCG Koulutus ja konsultointi (2013) | Perlacon (2020) | MDI Public (2023)
6;JNP Group Oy;1967044-2;49410;2005-06-10;2010-04-12;2026-05-04;Vuokraus ja Maahantuonti A-Group (2010) | Virvalasi (2015) | NokuMutku (2019) | Kattikone M. Viitanen (2021) | Kiinteistöpalvelu M.E.I.P.A. (2021) | Vaihtolavateam (2026)
6;Feelia Oy;2113001-5;10890;2007-06-11;2013-11-14;2024-12-31;Novisol (2013) | Feelia Kotiateria (2019) | Feelia Kotiruoka (2019) | Beofood (2020) | Delimax (2024) | Marjavasu (2024)
6;Kontu Isännöinti Oy;2174751-7;68320;2008-06-04;2018-04-19;2024-12-01;MTR Portti (2018) | Kontu Uusimaa (2024) | ISTO Group (2024) | Joen Isännöintipalvelu (2024) | M3 Isännöinti (2024) | MTR-Isännöinti (2024)
6;Plus Katsastus Helsinki Oy;2176828-9;71201;2008-02-21;2014-02-11;2026-02-19;Plus Katsastus Vantaa (2014) | Plus Katsastus Hakkila (2014) | Plus Katsastus Itä-Hakkila (2014) | Plus Katsastus Ilola (2014) | Plus Katsastus Mäntsälä (2022) | Plus Katsastus Helsinki Ristipellontie (2026)
6;Plus Katsastus Tampere Oy;2258900-4;71201;2009-04-01;2009-11-30;2023-02-20;Pirkkalan Katsastus-Center (2009) | Plus Katsastus / Pirkkala (2010) | Plus Katsastus / Hatanpää (2010) | Plus Katsastus Kangasala (2021) | Plus Katsastus Nokia (2021) | Katsastuspark (2023)
6;Co-Engineering Oy;2517795-3;71125;2013-01-07;2023-04-21;2024-04-30;CoE Group (2023) | Smarter-E (2023) | Anteplan Engineering (2023) | Smart partner in Engineering (2023) | Anteplan (2023) | Kotka Automation (2024)
6;Hukkasähkö Oy;2972245-3;43210;2019-02-15;2022-09-01;2026-04-05;Hukkaenergia (2022) | Huikkasähkö (2023) | Hukkatalo (2023) | Hukkavalo (2024) | H&K Apparel (2026) | Hukkakuosi (2026)
6;TRP Group Oy;3382968-3;43220;2023-12-31;2023-12-31;2026-01-31;TRP Automaatio (2023) | TRP Sähkö (2023) | TRP Putki (2023) | TRP Ilmastointi (2023) | TRPS Group (2025) | Sähkö (2026)
6;Fibroc Oy;2104190-1;25990;2007-03-22;2008-01-31;2025-02-28;Vaijerityö (2008) | Top Line Lashing (2018) | Top Line Lifting (2018) | Top-Trade (2018) | Ergorej (2021) | PowerTen (2025)
6;Loimi-Hämeen Jätehuolto Oy;1027700-3;38110;1995-12-13;2001-10-26;2026-09-07;SER-ROUND (2001) | Forssan Envitech-alue (2005) | LHJ Jätehuolto (2007) | Envitech Management (2007) | LHJ Group (2008) | LHJ Palvelut (2026)
6;Protekijät Oy;3552544-8;81100;2025-08-19;2025-08-19;2026-07-29;Ähtärinjärven venepesu (2025) | Kiinteistö- ja asukashuolto Nemik (2025) | Etelä-Pohjanmaan irtaimistopalvelu (2025) | Kampiketun MTB-huolto (2025) | PatjaPojat (2025) | Turvalaitepalvelu Nemik (2026)
6;Koiviston Auto Porvoo Oy;0130205-1;49310;1952-02-08;1993-06-30;2023-10-10;Bussexpress (1993) | Ragnar Norrgård (2003) | Lähilinjat (2005) | Finnbus (2005) | Sipoon Linja (2005) | Porvoon Liikenne - Borgå Trafik (2023)
6;TMK Machinery Oy;2588486-9;25990;2013-12-20;2023-03-21;2026-06-02;TMK Tree Shear (2023) | TMK MultiKoura (2023) | TMK MultiGrab (2023) | TMK Energiakoura (2023) | Hydraulic Piippo (2026) | Piippo Hydraulic (2026)
6;Ingves & Svanbäck Ab Oy;2626335-1;49310;2014-07-03;2015-10-30;2025-12-31;Haldin & Rose (2015) | Bus Wester (2017) | Ingsva (2017) | Ekmans Bussar (2020) | Ålandsbussen (2025) | Stadsbussen i Mariehamn (2025)
6;Entti Varsinais-Suomi Oy;2750194-8;81300;2016-07-21;2016-07-21;2025-06-30;Puutaitaja (2016) | Pihataitaja (2016) | Makusato (2016) | Vihertaitaja (2016) | Entti (2025) | Entti Infra (2025)
6;Fit Oulu Oy;2840562-4;93130;2017-06-30;2021-07-29;2026-04-27;Kuntosali FIT (2021) | Kuntosali FIT Oulu Eden (2024) | Kuntosali FIT Hiukkavaara (2024) | Kuntokeskus FIT (2026) | Kuntosali FIT Kaakkuri (2026) | Kuntosali FIT Kempele (2026)
5;Asuma Palvelut Oy;0196951-8;81100;1970-03-13;2018-10-11;2026-06-16;Asuma Siivous (2018) | Asuma Huolto (2018) | Asuma Business (2018) | Asuma Isännöinti (2018) | Hakunilan Huolto (2026)
5;Aslemetals Oy;0579707-1;25110;1963-04-19;1996-11-29;2026-05-18;Olkiluodon Telakka (1996) | Aslepipe (2013) | Aslesteel (2013) | Aslesafety (2016) | Asle (2026)
5;Lindfors Finland Oy;0772117-7;25990;1989-11-08;2012-04-13;2023-02-21;Kauhabisnes (2012) | Lindfors Steel (2014) | Antti Lindfors (2014) | Lindfors Foods (2014) | PETE-tuotteet (2023)
5;Envor Group Oy;0862373-9;81100;1991-07-17;1993-10-06;2025-06-30;Forssan Teollisuus- ja Kiinteistöpalvelu (1993) | Forssan Talotaito (2006) | Envor Ympäristöpalvelut (2006) | Envor Biogas (2018) | Rahtikolmio (2025)
5;AVS-Yhtiöt Oy;0880158-2;25990;1992-06-03;2024-03-01;2025-03-21;Automatik Ventiler System (2024) | AVS-Power (2024) | AVS Painehuolto (2025) | UPH (2025) | UPH Kompressorit (2025)
5;Suomen Viljava Oy;0992653-9;52100;1995-01-25;1999-12-21;2025-04-27;Heliantus (1999) | Natureal (2002) | Finn Cereal (2002) | Viljapassi (2025) | Viljava Digi (2025)
5;JIS-Automation Oy;1849009-5;71125;2003-09-15;2023-08-31;2025-12-14;JIS-Tekniikka (2023) | Tampereen DDC-Tekniikka (2024) | Integrio (2024) | Lapin automaatiopalvelu (2025) | Qvantech (2025)
5;Camini Pirkanmaa Oy;1893066-0;81220;2004-05-10;2004-05-10;2024-05-16;Pirkanmaan Sisäilmapalvelu (2004) | Pirkanmaan Sisäilmamestarit (2004) | Pirkanmaan Nuohouspalvelu (2020) | Näsijärven Nuohous (2024) | Näsijärven IV-Puhdistus ja Poltinhuolto (2024)
5;Aina Kiinteistöpalvelut Oy;1905830-9;81100;2004-08-04;2013-04-30;2025-10-31;EPV Siivouspalvelu (2013) | EPV Rakennuspalvelu (2013) | Puhtaasti Mäkinen (2023) | SiniService (2023) | Kiinteistöhuolto Hautanen (2025)
5;Jäähdytinpalvelu RefGroup Oy;2022624-2;43220;2006-03-03;2015-10-02;2023-07-05;Kaikkeekivaa.com Vantaa (2015) | Emlot Invest (2017) | Pingviini ilmastointilaitteet (2018) | Norppa ilmastointilaitteet (2018) | Gothic Distillery (2023)
5;Assemblin Oy;2064618-3;43220;2006-10-09;2010-12-16;2025-07-01;EMC Group (2010) | EMC Talotekniikka (2016) | Trentec Team (2019) | Taloman (2025) | Karjalan Kylmäpalvelu (2025)
5;Havator Oy;2083609-1;43991;2007-05-02;2024-12-31;2025-07-08;Polar Lift (2024) | Havator Transport (2024) | Havator Industry (2024) | Havator Montage Suomi (2024) | Kallioinen Cranes (2025)
5;eSmile Group Oy;2140524-2;86230;2007-09-19;2010-02-25;2024-04-10;Suomen Esteettinen Hammashoito (2010) | esteettinenhammashoito.fi (2010) | Suomen Kosmeettisen Hammashoidon Klinikka (2010) | eSmile - Esthetic Dental Clinic (2017) | Esteettisen Hammashoidon Klinikka Hannu Vesanen (2024)
5;Paloff Sammutusjärjestelmät Oy;2186075-5;43220;2008-04-08;2018-01-03;2023-05-31;JH-Sprinkleriurakointi (2018) | JH-Sprinklerihuolto (2018) | Paloff Huolto (2018) | Paloff Palokatkoasennus (2018) | PK Sprinkleriasennus (2023)
5;Peikko Finland Oy;2237767-7;25990;2008-12-12;2009-01-01;2026-01-31;Deltatek (2009) | Peikko Tekniikka (2009) | Teräspeikko (2009) | Makro-Invest (2009) | Peikko Technology Center (2026)
5;Plus Katsastus Turku Oy;2416618-7;71201;2011-07-08;2012-01-31;2023-10-17;Plus Katsastus Raisio (2012) | Plus Katsastus Loimaa (2015) | Plus Katsastus Salo Meriniitty (2023) | Plus Katsastus Salo Ollikkala (2023) | Plus Katsastus Turun Länsikeskus (2023)
5;Mindemo Oy;2544593-8;86220;2013-04-23;2021-09-22;2024-12-31;Mindy Mielenhuoltamo (2021) | Willfeel (2021) | Shortum (2024) | Academy of Philosophy (2024) | Filosofian Akatemia (2024)
5;Alavus Modules Oy;3230865-9;16231;2021-09-07;2021-09-07;2023-03-31;KAUNIS TALO (2021) | Jalo Elementti (2023) | TNC Rakennus (2023) | TNC Talo (2023) | Jalomentti (2023)
5;Kotisuomi Oy;3300852-7;68320;2022-08-05;2022-08-05;2023-04-03;Fenno Isännöinti (2022) | Fennohuolto (2022) | Fenno Kiinteistöpalvelut (2022) | Fennotoimitilat (2023) | Fennokodit (2023)
5;Kvartti Putkiremontti Oy;3377004-4;43220;2023-10-31;2023-12-11;2025-01-29;Onnellisen Ihmisen Koti (2023) | LVI-Kvartti (2025) | Kvartti putki (2025) | Energia Kvartti (2025) | Kvartti toimitilat (2025)
5;Kainuun Jätehuolto Oy;2102857-1;38110;2007-03-15;2011-01-31;2024-08-25;Sotkamon Jätehuolto (2011) | Keski-Kainuun Kuljetus (2020) | Kajaanin Jäteauto (2020) | Lajikki (2024) | KJH Jätehuolto (2024)
5;Ammattikatsastus Helsinki Oy;2456966-4;71201;2012-02-13;2017-02-28;2026-07-21;RentoKatsastus Malmi (2017) | D-Katsastus (2022) | Malmin Katsastus (2026) | KelpoKatsastus (2026) | Plus Katsastus Helsinki Malmi (2026)
5;Vekka Group Oy;0146866-8;49310;1943-01-29;2018-01-08;2023-10-01;Vekka Tours (2018) | Lakeland Tours (2019) | Ihan Lähellä Liikenne (2019) | Hämeenlinnan Bussiliikenne (2019) | Miodex (2023)
5;Betoni-Sampo Oy;0175554-4;23610;1968-07-12;2017-10-31;2025-01-01;SiriusPro Rakennuspalvelu (2017) | Jämsän Kone- ja Rakennuspalvelu (2017) | JKRP Rakennuspalvelu (2017) | Betoni-Sampo (2017) | SiriusPro (2025)
5;Helsingin Taidepalvelu Oy;2588550-3;52100;2014-01-28;2014-03-12;2023-11-12;Erikoiskonevuokraamo Helsinki (2014) | Artfully Online (2017) | Suomen Taidepakkaus (2017) | Finnish Art Service (2017) | Suomen Taidekuljetus (2023)
5;VLR Palvelut Oy;2595718-3;49410;2014-01-27;2014-01-27;2025-04-24;L & R Automyynti (2014) | Hinaus Nummela (2025) | Hinaus Veikkola (2025) | Nummelan Hinauspalvelu (2025) | Veikkolan Hinauspalvelu (2025)
5;E-hammaslääkärit Oy;2602955-7;86230;2014-03-05;2014-06-17;2025-04-27;Ebeling Hammaslääkärit (2014) | Ebeling Esthetics (2023) | Ebeling Aesthetics (2023) | Ebeling Kauneus (2025) | Ekauneus (2025)
5;Finnish Automotive-Engineering Oy Ltd;2612431-9;71201;2014-04-30;2015-11-23;2023-06-22;Suomen Vuosikatsastus (2015) | Paimion Katsastus (2017) | Tammisillan Vuosikatsastus (2017) | E katsastus (2023) | L Katsastus (2023)
5;Keski-Uudenmaan Työterveys Oy;2841282-4;86220;2017-07-25;2020-01-03;2024-01-22;Työterveys Uusimaa (2020) | Länsi-Uudenmaan Työterveys (2020) | Itä-Uudenmaan Työterveys (2020) | Västra Nylands Arbetshälsa (2024) | Östra Nylands Arbetshälsa (2024)
4;Paikallis-Sähkö Oy;0243115-4;43210;1963-05-03;1996-01-24;2023-04-02;Kajaanin Sähkötyö (1996) | Lapin Sähkösuunnittelu (2014) | Capitis (2019) | Rannikon Sähköpiste (2023)
4;Kymen Metallipalvelu Oy;0652453-4;25110;1987-05-20;2022-01-31;2025-09-30;SJ-Metallipalvelu (2022) | MTH-Asennus (2022) | Konepaja Veljet Saarenhovi (2022) | Kuusaan Metalli (2025)
4;Akimaritz Oy;0673340-8;25110;1988-02-10;1988-02-10;2024-12-27;Putsis-Clean (1988) | Pikku-Uimarit (1994) | Garage Outletparts (2018) | PKS-Kuljetus (2024)
4;Newsec Property Asset Management Finland Oy;0726489-3;68320;1988-12-28;2023-06-21;2025-04-25;Newsec PAM Finland (2023) | Kodisto Asuntovuokraus (2024) | Kodisto (2025) | Newsec (2025)
4;Kuljetus ja muutto O. Jylhä Oy;0736647-8;49410;1988-12-28;2022-05-05;2026-05-19;Jylhä Logistic (2022) | Transport Jylhä (2022) | Muutto Jylhä (2022) | OneStop Service (2026)
4;Finnmap Infra Oy;0921976-2;71121;1993-03-10;2011-05-31;2023-11-09;Geomap (2011) | Exder (2011) | Kalliosuunnittelu Rockplan (2023) | Rockplan (2023)
4;Lightman Oy;0979003-7;43210;1994-03-30;2008-12-11;2025-04-22;Golden Games (2008) | Leditukku.com Finland (2025) | Suomen Leditukku.fi (2025) | Suomen Leditukku.net (2025)
4;Heinin Helmi Oy;0979684-2;81210;1994-06-22;2010-04-30;2025-04-25;Teremari (2010) | Loisto-Talot (2014) | Steamplus Finland (2025) | Steamworks Finland (2025)
4;N-Clean Oy;1009938-2;81210;1995-05-03;2014-12-31;2026-04-30;KA-RA Siivous (2014) | N-Service (2016) | N-Clean Facility Services (2026) | Pro Duo (2026)
4;Samsulting Oy;1081176-3;49410;1997-03-17;1997-03-17;2025-07-15;Miss-Design kustannus (1997) | Talousaluekanava-lehti (2001) | Kinttukorjaamo.fi (2018) | Car Go hinaus (2025)
4;Oy Lion Invest Ltd;1619157-7;43120;2000-12-08;2000-12-08;2025-02-28;Arvotalletus Aapa (2000) | COWBOYS GRILL & BBQ (2025) | CRUISERS GRILL & BBQ (2025) | Restaurant ASIAN EMBASSY (2025)
4;Atria Suomi Oy;1800395-5;10130;2002-12-30;2016-05-18;2025-08-28;Östermyran Liha (2016) | Östermyras Kött (2016) | Mestari Forsman Seinäjoki (2025) | Pohjanmaan Ruoka (2025)
4;Envitecpolis Oy;1826831-2;71121;2003-05-16;2008-08-07;2024-12-16;AiPro (2008) | WikliSoft (2024) | Autiomat (2024) | Laskentapalvelu Autiomat (2024)
4;Jenio Oy;1830517-9;86220;2003-06-03;2011-02-28;2024-12-30;Suomen Lääkäriluettelo (2011) | Suomen Erikoislääkärikonsultit (2011) | Suomen Neurokirurgipalvelu (2011) | JEN Investment (2024)
4;Lounais-Suomen Jätehuolto Oy;1868393-8;38110;2003-12-30;2006-12-05;2026-01-30;Topinpuisto (2006) | Toppark (2006) | Miljöbilen Yrjö (2026) | Yrjö Ympäristöauto (2026)
4;Koo-Puu ja Kone Osakeyhtiö;1917900-4;43330;2004-10-06;2004-10-06;2023-02-22;Uudenmaan laattamestarit (2004) | Järvenpään Sisustuspiste (2005) | G-Levy ja Puu (2005) | TileFreak Finland (2023)
4;Pure Talotekniikka Oy;1936736-3;43220;2005-01-13;2022-09-02;2024-12-17;Pure Service (2022) | Pure Charge (2024) | Pure Global (2024) | Uudenmaan IV-asennus (2024)
4;Ässä Hoiva Oy;2004547-6;88101;2005-12-15;2017-01-01;2024-07-12;Pyhäjärviseudun Hoivapalvelu (2017) | Loimaanhoiva (2020) | Loimaan Seudun Hoivapalvelu (2023) | Tuuli Siivouspalvelut (2024)
4;JP Yhtiöt Oy;2047160-0;43220;2006-07-18;2006-07-18;2025-11-30;JP Putki (2006) | JP Ilmastointi (2006) | Asennus Kakriainen (2024) | Mikkelin Sähköasennus (2025)
4;Ilmastointitohtorit Oy;2092313-6;81220;2007-02-06;2019-12-30;2023-04-01;Nuohoustohtorit (2019) | Sisäilmakumppanit (2020) | Nuohous- ja Ilmastointitohtorit (2021) | T & T Air (2023)
4;Suomen Laatuilma Oy;2097332-8;81100;2007-03-14;2013-01-30;2026-04-16;Suomen Tervekoti (2013) | Wood Art Finland (2023) | WAF Creations (2023) | Rajala Delika (2026)
4;Pirkanmaan Putki ja Lämpöpumppu oy;2167796-9;43220;2008-01-21;2023-10-17;2024-09-12;Riolane (2023) | Putki ja Lämpöpumppu (2023) | Pirkanmaan PLP (2023) | PLP Building Squad (2024)
4;Piha Group Finland Oy;2271044-1;81100;2009-06-17;2009-06-17;2024-07-08;Viherpalvelu Pihateam (2009) | Pihateam Pihatarhuri (2018) | Pihateam Viherpalvelut (2018) | Masitum (2024)
4;Ab PG Made Oy;2273328-0;25990;2009-06-30;2024-12-03;2026-05-26;ProGo Robotics (2024) | ProGo (2024) | Tedora (2026) | Tedora Solutions (2026)
4;Sähköasennus Penttilä Oy;2319461-0;43210;2010-03-03;2024-08-10;2026-05-10;Espoon sähköpalvelu (2024) | sähkömies Helsinki (2024) | Kirkkonummen sähköasennus (2025) | Insinööritoimisto Penttilä (2026)
4;Hyyry Consulting Oy;2448958-4;43210;2012-01-12;2012-01-12;2023-02-14;SPIKE Consulting (2012) | Sahmatic (2021) | Palomatti (2023) | Turvamatti (2023)
4;PJI Trading Oy;2470405-3;49410;2012-04-11;2012-04-11;2026-05-09;Venekuljetus Båttransport P Iijalainen (2012) | Wasa Boat Service & Logistics (2012) | Wasa Rib Charter (2026) | Wasa Yaht & Rib Charter (2026)
4;ASTEK Purkupalvelut Oy;2479949-4;43110;2012-06-28;2022-05-23;2026-02-23;Vantaan Purkuvoima (2022) | Asbesti-ja saneeraustekniikka ASTEK (2023) | ASTEK Etelä (2026) | ASTEK Länsi (2026)
4;Suomen Putkilinja Oy;2496022-5;43220;2012-09-14;2013-03-05;2023-01-05;Helsingin LVI-päivystys (2013) | Helsingin kiinteistökuivaus (2013) | Helsingin putkipäivystys (2013) | Mikkelin Lvi-Palvelu (2023)
4;Kontu Oy Pohjois-Savo;3013760-6;68320;2019-07-23;2023-12-31;2025-07-08;Pos-Isännöinti (2023) | Pohjois-Savon Isännöinti (2023) | Juojärven Isännöinti (2023) | Iljan Isännöintikeskus (2025)
4;TOS kiinteistöpalvelut Oy;3021900-3;43220;2019-09-09;2025-07-11;2026-03-21;Haminan putkityö (2025) | TOS siivouspalvelut (2026) | TOS LVI (2026) | TOS putkityöt (2026)
4;A APU Oy;3118083-3;88101;2020-02-12;2021-02-08;2023-02-07;- A&A Avustajapalvelu (2021) | - 0ili A&A - (2021) | A A Henkilökohtainen Apu (2021) | A&A Apu (2023)
4;TFW Puukko Oy;3140859-4;93130;2020-07-08;2020-07-08;2024-06-05;TFW Järvenpää (2020) | TFW Vantaa (2020) | TFW Konala (2024) | TFW KoVa (2024)
4;SÄHKÖ J.MOISIO OY;3165709-9;43210;2020-11-17;2021-05-11;2025-09-25;KONEURAKOINTI J.MOISIO (2021) | KASVINSUOJELU J.MOISIO (2021) | TUHOLAISTORJUNTA J.MOISIO (2021) | KLAPIKEISARI J.MOISIO (2025)
4;Cessabit Oy;3196144-5;25990;2021-03-23;2021-03-23;2025-06-17;Cessabit Welding (2021) | Briketti Varasto (2021) | Nocoya (2025) | Kuparipiha (2025)
4;Silvery Group Oy;3270566-2;88101;2022-03-03;2022-03-03;2024-07-25;Silvery Health (2022) | Silvery Food (2022) | Silvery Care (2022) | Vihdin Sairaankuljetus (2024)
4;Insinööritoimisto Pieskä Oy;3314607-3;71125;2022-10-05;2022-10-05;2025-01-20;Sähkö-Otto (2022) | Kiinteistöhuolto ja konevuokraus Pieskä (2022) | Pieskä engineering (2025) | Sähköasennus Pieskä (2025)
4;ANNU Group Oy;3345108-6;88101;2023-02-18;2023-02-18;2024-06-12;ANNU sosiaalipalvelut (2023) | ANNU siivouspalvelut (2023) | ANNU avopalvelut (2024) | ANNU terapiapalvelut (2024)
4;Qvintus yhtiöt Oy;3346620-2;81100;2023-03-02;2023-03-02;2024-11-12;TOS konsultointi (2023) | TOS isännöinti (2023) | Kymenlaakson arboristipalvelut (2023) | TOS energia- ja turvallisuusratkaisut (2024)
4;Laitinen Group Oy;3351512-3;43210;2023-03-27;2023-03-27;2026-06-26;Energia Laitinen (2023) | Kylmä Laitinen (2026) | Levin Talotekniikka (2026) | Wanha Timpuri (2026)
4;Teho group Oy;3367689-1;43210;2023-06-14;2025-08-24;2026-07-31;Kodinkonemestarit (2025) | Teho Solar (2025) | Teho Lataus (2025) | CarOn (2026)
4;Porvoon Huoltomiehet Oy;3394448-9;81100;2023-10-06;2024-01-30;2026-03-31;Onni Kiinteistö- ja kunnossapitopalvelut (2024) | Fastighet- och Underhållservice Lyckan (2024) | Tuiran Kiinteistöpalvelu (2024) | Porvoon Talotiimi (2026)
4;Lopen Talo & Tili Oy;3394913-2;68320;2023-10-11;2023-11-24;2026-03-31;Joku Paikallinen Isännöitsijätoimisto (2023) | Hyvinkään Talo & Tili (2023) | Riihimäen Talo & Tili (2023) | Hämeenlinnan Talo & Tili (2026)
4;Soten Tuottajat Oy;3421566-7;86220;2024-02-26;2024-10-18;2026-03-12;Reseptipalvelu (2024) | Reseptikeskus (2024) | Vastaanoton Tuottajat (2025) | Työterveyspalvelu Vastaanotto.fi (2026)
4;Bros Palvelut Oy;3451879-9;81210;2024-06-04;2024-06-04;2025-10-14;Cleanbros (2024) | Cleanshop (2024) | Barberbros (2025) | Taxibros (2025)
4;SJT Trade Ab;2099873-6;81100;2007-03-06;2009-09-24;2024-04-10;SJT Cleaning (2009) | Trivsel Tjänster - Palvelut (2014) | SJT OMSORG (2019) | Finnfil (2024)
4;Joutsen Finland Oy;0114317-7;13920;1936-11-17;2001-10-31;2023-05-10;Joutsen Arctic (2001) | Suomen Joutsen (2003) | Suomen Höyhen (2004) | Polar Down (2023)
4;Koiviston Auto Länsi Oy;0137182-3;49310;1936-05-26;1998-01-20;2024-04-12;Sataliikenne (1998) | Lauttakylän Auto (2008) | Kalevan Liikenne (2014) | Satakunnan Liikenne (2024)
4;Sähköliike Teho Oy;0160111-5;43210;1941-02-28;2016-10-21;2024-10-25;Tehoservice (2016) | Redin Teho Group (2024) | Redin (2024) | Redinteho (2024)
4;Euro Ins Oy;2587952-5;71201;2013-12-27;2015-07-09;2024-02-02;Merilapin Katsastus Keminmaa (2015) | Merilapin Katsastus Kemi (2015) | Merilapin Katsastus Tornio (2015) | Paljetien Katsastus (2024)
4;DC Works Finland Oy;2639834-4;33200;2014-09-15;2020-08-24;2025-04-17;DC Products (2020) | DCW Rakennusautomaatio (2020) | X Automaatio (2023) | Data Center Works (2025)
4;Optimation Finland Oy;2708916-4;43210;2015-10-13;2015-10-13;2025-08-15;Sapcon Talotekniikka (2015) | AET-Talotekniikka (2015) | AET-Sähkö (2015) | AET-Automaatio (2025)
4;Suomen Sähkö- ja Kiinteistötekniikka Oy;2709044-8;43210;2015-09-08;2020-08-07;2025-12-15;Itä-Uudenmaan Asennus ja Huolto (2020) | Suomen Sähkö- ja Kylmätyö (2022) | Suomen Kiinteistötekniikka (2023) | Suomen Sähkö- ja Kylmätekniikka (2025)
4;Meriko Oy;2732960-7;43110;2016-01-08;2016-01-08;2023-02-10;Merikon taksi (2016) | Meriko kiinteistöt (2016) | Meriko Family (2016) | Huonekalujen Kasausmies (2023)
4;PiKa Puhtaus Oy;2739820-7;81210;2016-02-05;2020-05-15;2023-02-20;Ultra-Palvelu (2020) | Brahea Palvelut (2020) | Prine Palvelut (2021) | Kuopion Siivouspalvelu (2023)
4;Talokuntoon.fi Oy;2749165-5;81100;2016-03-18;2020-10-13;2025-05-13;Talokuntoon Kattohuolto (2020) | Uudenmaan kattopesut (2020) | Talokuntoon.fi Huoltopalvelut (2021) | Camini Laskutuspalvelu (2025)
4;ITify Finland Oy;2774209-8;43210;2016-08-10;2022-09-15;2025-10-21;Nevara (2022) | Fix My Bike (2022) | S2-Sähkötyöt (2025) | S2-Talotekniikka (2025)
4;ByMeiMei Oy;2785778-4;81220;2016-10-10;2019-01-30;2023-07-04;RaksaTytöt (2019) | Meistaff Korjaamo (2019) | Kampin Kirsikka Cafe (2023) | Kultatukka (2023)
4;Fluxio Isännöinti Oy;2829837-1;68320;2017-05-10;2017-05-10;2025-02-27;Fluxio (2017) | Front Yard (2025) | Emännöinti (2025) | Isännöintitoimisto Aamu (2025)
4;Vaisatek Group Oy;2845363-4;81100;2017-08-10;2018-02-16;2023-10-09;Vaisatek Pinnoitus (2018) | Vaisatek Consulting (2020) | Itä-Suomen Kattopinnoitus (2021) | Vaisatek Kylpyhuonehuolto (2023)
4;Nordvalkea Oy;2910439-9;86230;2018-04-18;2018-12-04;2025-09-28;Lähimaku (2018) | Smile Boutique (2025) | Hymykauppa (2025) | TUIRAN HAMMAS, hammaslääkäriasema (2025)
3;Oravais Trafik Ab - Oravaisten Liikenne Oy;0184419-2;49310;1950-01-13;1996-12-18;2026-03-26;OT-Resor - OT-Matkat (1996) | Oraways (1996) | Charter Bus Engsbo (2026)
3;Colliers Finland Oy;0420052-8;68320;1980-08-29;2018-08-31;2023-02-08;Realprojekti (2018) | Colliers Toimitilat (2023) | Colliers Asunnot (2023)
3;Steelhouse Group Oy;0536139-0;25110;1963-03-01;2003-10-08;2024-10-18;Keravan Kalustetuote (2003) | LAATUSUUNNITTELIJAT PRO (2024) | LAATUVALO PRO (2024)
3;Pohjolan Isännöintityö Oy;0623893-3;68320;1986-08-28;2015-12-01;2025-08-12;Pyhäjoen Isännöintityö (2015) | Rantalakeuden Isännöintityö (2018) | Raahen Isännöintityö (2025)
3;Ristek Oy;0689332-1;25110;1988-01-13;2010-12-30;2025-03-31;NR-Softa (2010) | Lahti Levy (2014) | Nordic Logic (2025)
3;Savolainen Yhtiöt Oy;0726057-7;49410;1989-07-26;2005-04-30;2024-04-19;La-Sa Racing Team (2005) | Matka La-Sa (2005) | Savolainen Motorsport (2024)
3;Tuusulan kunnan kiinteistöt Oy;0771183-3;68320;1990-01-10;2012-11-08;2024-08-12;Tukuki (2012) | Tuuma Kodit (2024) | Tuuma-asunnot (2024)
3;Oiva Isännöinti Oulu Oy;0775992-5;68320;1989-12-13;2007-03-30;2023-03-15;Tilisuomela (2007) | Isännöinti Suomela (2019) | Isännöintipalvelu E. Suomela (2023)
3;Psykiatrinen lääkäriasema Egofunktio Oy;0789583-9;86220;1990-03-07;1990-03-07;2023-09-26;Egofunc-Consultants (1990) | Egofunktio (2001) | Ryhmien ja yhteiskuntien dynamiikka RYD (2023)
3;Loimijoki-Yhtiöt Oy;0829763-8;68320;1990-08-15;2020-03-04;2024-03-11;Loimijoen Kiinteistökeskus (2020) | Kiinteistökeskus Harjuseutu (2020) | hemman isännöinti (2024)
3;Kuokkamies Oy;0858910-4;81300;1992-02-19;2016-06-06;2023-10-19;H.Saastamoinen Import (2016) | Windsor Flooring (2023) | Windsor Lattiat (2023)
3;Hämeen Tavarataxi Oy;0915025-9;49410;1992-11-25;2013-01-07;2023-02-22;Välivarasto HTT (2013) | TavaraTaxi Group (2020) | Tänään perille (2023)
3;Pirkanmaan Raikas Linja Oy;1035005-5;81210;1996-04-02;2003-04-28;2025-06-18;Betis Finland (2003) | Av-tuotantoyhtiö LUNA (2011) | powmop (2025)
3;Turun Silmälaser Oy;1074403-8;86220;1997-06-16;2005-07-21;2025-02-28;Porin Silmälaser (2005) | Rauman Silmälaser (2005) | Laser-Porus (2025)
3;Tosi-Apu Oy;1093843-0;33200;1997-10-09;1997-10-09;2023-01-03;Jaanadriana's Wear (1997) | Mäntsälän Taikapeli (1998) | Kennel Estorian (2023)
3;Kiinteistöhuolto Lyijynen Oy;1638869-5;81100;2000-12-30;2014-09-18;2024-09-30;KHL-Service (2014) | Lappee MH (2024) | Lappeen Huoltomestarit (2024)
3;Viherrys Heinonen Oy;1653129-5;71121;2001-03-12;2008-11-18;2025-10-28;Tuubiduubi (2008) | Vaelle (2024) | Hoshei (2025)
3;Joensuun Lääkäripalvelu Oy;1753935-2;86220;2002-03-27;2025-12-02;2026-03-06;Nepen Terveys (2025) | Nepen Kuntoutushotelli (2026) | Nepen Kuntosali (2026)
3;Insinööritoimisto Thelec Oy;1780321-3;71125;2002-09-11;2021-12-20;2023-10-16;Thelec Tampere (2021) | Thelec Lahti (2021) | iCharge (2023)
3;Tramppas 2000 Int Oy;1787158-2;43341;2002-11-08;2020-04-09;2023-12-15;Kuninkaan Remontti Palvelu (2020) | European Green Dynamics (2023) | Green Dynamics (2023)
3;IHP Pohjanmaa Oy;1795878-4;81100;2002-12-04;2002-12-04;2026-03-26;JiKo siivous- ja kiinteistöpalvelu (2002) | Wasaclean (2007) | JiKo (2026)
3;Insinööritoimisto Tampereen Hienomekaniikka Oy;1864769-7;28990;2004-01-16;2004-01-16;2025-02-07;TK Mechanics (2004) | Päivämuistola (2018) | Pohtola Bullets (2025)
3;PumppuTEK Oy;1944160-7;33200;2005-03-23;2013-09-10;2023-01-05;Huippusähkö (2013) | PumppuTEK (2016) | RakennusÄSSÄ (2023)
3;Sipoon Poltinhuolto Oy;1995281-0;43220;2005-11-02;2007-01-17;2024-08-30;Sipoo LVIS (2007) | Sipoon Kylmälaitehuolto (2007) | BeResilient (2024)
3;Haukansilmä Oy;2013887-5;86220;2006-01-26;2023-02-28;2024-11-18;The First Clinic (2023) | First Clinic (2023) | Silmäklinikka Mukava (2024)
3;Iin Katsastus Oy;2036997-2;71201;2006-05-16;2006-10-09;2026-05-04;Oulun Autokatsastus (2006) | Iin Katsastus (2012) | Iin Auto- ja Kiinteistöpalvelu Klasila (2026)
3;Silmäasema Julkiset Silmäterveyspalvelut Oy;2125483-5;86220;2007-07-06;2007-07-06;2023-01-01;Hoitoketju Vision (2007) | Tilkan Silmäsairaala (2010) | Coronaria Silmäklinikka (2023)
3;Cuori Oy;2126156-8;81210;2007-10-31;2007-10-31;2025-12-22;Monotohtori (2007) | Nokram (2025) | Suomen Kiipeilytekniikka (2025)
3;IdeaServices Oy;2126785-5;43330;2007-07-20;2007-07-20;2024-08-27;Ideamarkkinat (2007) | Ideapalvelut (2007) | Uraidea Unik (2024)
3;Kari Miikkulainen Oy;2162929-7;49410;2007-12-19;2009-02-24;2025-02-28;Kuljetus Kari Miikkulainen (2009) | Kotkan Sammutinhuolto (2023) | Kotkan Sammutinkeskus (2025)
3;M&M Finland Oy;2165907-4;81100;2008-02-13;2008-02-13;2023-01-13;Patriot Clothing (2008) | GooWear (2008) | Elergo (2023)
3;Lateralis Oy;2184851-0;86220;2008-04-03;2008-04-03;2026-03-26;Haukiputaan Hammaslääkäriasema (2008) | Haukiputaan Lääkärikeskus (2014) | HaukiTerve (2026)
3;Suomen Liikennetarvike Oy;2197226-3;25990;2008-06-04;2016-01-18;2024-08-07;RAMEq (2016) | Putiikki Aino (2021) | Boutique Riders' Corner (2024)
3;Pudasjärven LVI- JA RAUTATARVIKE OY;2208174-5;43220;2008-08-04;2009-03-17;2025-06-18;LVIJARAUTA.PLR (2009) | VETAVA.PLR (2009) | KPS-Palvelut (2025)
3;Lännen Isännöintipalvelu Oy;2236183-5;68320;2008-12-03;2013-02-28;2025-06-30;Pirkan Kiinteistöpalvelu (2013) | Valkeakosken Kiinteistöpiste (2013) | Lännen Isännöintipalvelu Holding (2025)
3;Miracle-palvelut Oy;2296096-9;88101;2009-11-10;2011-02-01;2025-12-14;Miracle-kotipalvelut (2011) | MK Apuvälineet (2024) | Miracle-apuvälineet (2025)
3;Kerabit Kattohuolto Oy;2331081-0;81100;2010-05-11;2012-09-10;2024-04-17;Decofix (2012) | LA Kattohuolto Oy (2023) | Kerabit Kattoremontit (2024)
3;Pirkan Ympäristöpalvelut Oy;2344944-1;81100;2010-07-22;2023-09-30;2024-09-30;Pirkanmaan Viemäritekniikka (2023) | Ympäristöpalvelut Knuutila (2023) | Pirkanmaan Talotoimi (2024)
3;Moondo Oy;2353328-0;49410;2010-09-14;2013-10-01;2026-05-14;Moondo Cars (2013) | Moondo Kuljetus (2016) | Moondo Logistics (2026)
3;Oy Wiik & Ström Ab;2374113-5;49310;2011-01-13;2018-08-23;2026-01-26;Vaasan Paikallisliikenne - Vasa Lokaltrafik (2018) | Wasabus (2023) | Strandlinjetrafik Finland (2026)
3;Lapin Talotekniikka Oy;2424206-3;43220;2011-09-07;2018-06-04;2026-09-14;Sodankylän kylmähuolto (2018) | LVI Iivari (2021) | Lapin Sähkötekniikka (2026)
3;Vähämaa Group Oy;2451074-2;68320;2012-01-16;2012-01-16;2025-06-05;Arkistontuhous EP (2012) | Renki Isännöinti (2025) | Renki Rengastien kiinteistöpalvelu (2025)
3;ATMD Oy;2470070-6;49410;2012-04-13;2023-04-03;2026-04-14;Top Wash Klaukkala (2023) | Klaukkalan rengas ja hotelli (2023) | AK-Katsastus (2026)
3;Kiinteistöperhe Oy;2495032-6;68320;2012-09-04;2012-09-04;2023-02-22;Tammerkiinteistöt (2012) | Tammerlääkärit (2022) | Tammerhoiva (2023)
3;Hammaslääkäriasema Hampaiden Korjaamo Oy;2503857-4;86230;2012-10-23;2013-12-16;2025-08-05;Lohjan Tähtihammas (2013) | Hyväsydäminen Hammaslääkäri (2015) | Nordbotox (2025)
3;Minnan Juustokakkutehdas Oy;2509576-3;10710;2012-11-20;2012-11-20;2024-10-02;Kakkutaiteilija (2012) | Papa G pizza factory (2024) | Kakkukimppu (2024)
3;Geoputki Oy;2515398-6;43220;2012-12-12;2013-05-16;2023-02-09;Vesijohtoliike Erkki Mäkinen (2013) | Vesimäkinen (2013) | Länsiputki (2023)
3;FTS-laatoitus Oy;2949120-2;43330;2018-11-28;2018-11-28;2024-01-31;PMR Logistics (2018) | Panther Mobile (2018) | LaattaX (2024)
3;Hoivamme Oy;2951730-2;87301;2018-12-28;2024-09-30;2026-05-11;Hoivamme Palvelukodit (2024) | Hoivamme PKS (2024) | Hoivamme Maakunnat (2026)
3;Ville Eerikäinen Oy;2954986-5;43210;2018-12-14;2018-12-14;2024-03-04;Boatlife.fi (2018) | Nettiville.fi (2020) | Logopaja (2024)
3;Loisto Siivouspalvelu Oy;2956643-8;81210;2018-12-17;2020-01-27;2026-07-22;Tiptop Kotipalvelut (2020) | Loisto Kotipalvelu (2020) | Kotimaan Huolenpitopalvelut (2026)
3;Olars Heavy Cranes Oy;2961493-8;43991;2019-01-24;2019-01-24;2023-11-06;Grön-Fri (2019) | K-Caravan (2023) | K-Karavan (2023)
3;Virra Talotekniikka Oy;2994058-1;43220;2019-04-26;2019-12-31;2024-12-02;Virra Express (2019) | Elastic Pipe (2024) | APR-Putkihuolto (2024)
3;Steel and magnet Finland Oy;3007103-7;25990;2019-06-26;2021-09-07;2025-08-25;69 Motorsport (2021) | Suomen Konttivarasto.com (2025) | Simosen ilmalämpö (2025)
3;OakWood Trading Oy;3012151-6;81220;2019-08-02;2021-05-11;2025-05-05;OakWood Renthal (2021) | OakWood Industrial Service (2024) | OakWood Servant (2025)
3;Väistö Holdings Oy;3108491-3;43120;2020-04-30;2020-04-30;2024-03-31;Vaisto Group (2020) | International Defence Group (2020) | Maanrakennus Ässät (2024)
3;Sycore Oy;3151097-8;28990;2020-08-14;2022-08-09;2023-10-18;Eboxlock (2022) | Texmari (2022) | Nappimari (2023)
3;Hampori Yhtiöt Oy;3180856-3;81100;2021-01-18;2021-09-07;2024-03-08;Omasihteeri (2021) | Retkun Kalastus (2024) | Topi Talkkari (2024)
3;Raattala Oy;3192333-4;88101;2021-02-23;2024-10-23;2026-08-14;Sulon konehalli (2024) | Sulo Rent (2026) | TuttuHoitaja (2026)
3;Oma Lähienergia Oy;3194978-8;43210;2021-03-08;2022-03-10;2023-10-10;RexiRak (2022) | Lännen Lämpöpumppumestarit (2022) | Sähkärix (2023)
3;Helsingin Kiinteistömanagerit Oy;3203383-5;68320;2021-04-12;2025-09-24;2026-09-09;Taloportti Isännöinti (2025) | Koodiportti (2026) | Talousportti (2026)
3;Ristilä Group Oy;3208188-8;88101;2021-05-04;2021-05-04;2025-01-03;Putsinki (2021) | HSM Toimialapalvelu (2021) | ArvokasArki (2025)
3;KMV Kiinteistöpalvelu Oy;3224875-6;81100;2021-07-26;2022-01-11;2024-04-05;MR puunaus (2022) | KMV Rent (2023) | KM Auto-ja Konehuolto (2024)
3;Beneq Oy;3229720-8;28990;2021-09-14;2024-12-31;2025-12-31;BNQ Holding (2024) | Beneq Group (2024) | Lumineq (2025)
3;Stadin hinaus- ja tiepalvelu Oy;3239077-9;49410;2021-10-01;2023-03-06;2026-09-22;Duck Motors (2023) | Duck Motors huolto ja korjaus (2024) | Stadin liikkuva rengaspalvelu (2026)
3;XO Health Oy;3258529-3;93130;2022-03-01;2022-03-01;2023-07-10;XO Traning Center (2022) | XO Padel (2022) | XO Center (2023)
3;Suomen Kunttamestarit Oy;3267367-2;43120;2022-02-10;2024-10-01;2025-02-24;Suomen Lumimestarit (2024) | JNS-Palvelut (2024) | Polttopuumestarit (2025)
3;Äänetön tuotanto oy;3275209-8;81100;2022-03-22;2022-03-22;2025-08-15;Korkealan tila (2022) | Route 23 Grill (2024) | Sky Cafe & Food (2025)
3;Sähköukko Oy;3293162-7;43210;2022-06-17;2022-10-13;2025-12-14;KalaMikko (2022) | Pihapalvelu 360 (2023) | Mikon Photos (2025)
3;Vivima Palvelut Oy;3299776-5;81210;2022-07-20;2023-03-20;2026-03-25;Healing With Viivi (2023) | Vivima Laboratoriot (2024) | Winwipes (2026)
3;Päivärinteen Palvelut Oy;3319310-1;81100;2022-10-20;2022-10-20;2026-05-03;Pökkelön Pehtoori (2022) | PR Lounas (2024) | Pehtoorin pienkonehuolto (2026)
3;Havatrans Oy;3321488-1;49410;2022-10-31;2023-02-06;2025-08-18;Hinaus Raahe (2023) | Hinauskeskus Pohjanmaa (2023) | HavaCranes (2025)
3;Suomen Sähköenergia Oy;3356771-6;43210;2023-04-08;2023-06-06;2024-12-09;ONPOWER (2023) | TARGETBIKE RIIHIMÄKI (2023) | ON Powerstore (2024)
3;VP Group Oy;3417175-6;81210;2024-01-21;2024-12-23;2026-03-25;Pudota (2024) | Pirkanmaan kotisiivous (2024) | RERENTAL (2026)
3;Vahava pojat Oy;3458588-7;49410;2024-07-09;2024-08-14;2026-02-06;Pianoroudarit (2024) | Pianonkuljetus Wulff (2024) | Piano-Taxi (2026)
3;Tuusulan Lämpötekniikka Oy;3460426-7;43220;2024-07-05;2025-11-27;2026-05-11;LämpöpumppuKlinikka (2025) | Lämpöpumppuakatemia (2025) | LPVK Suomi (2026)
3;Teeek Oy;1102312-8;68320;1997-09-25;2011-05-19;2025-12-16;Pansion minivarasto (2011) | Turun Huurteinen (2022) | Suikkilan Kiinteistöhuolto (2025)
3;Health Club Core360 Oy;3490855-1;93130;2024-11-24;2024-11-24;2025-10-13;Flying Lady (2024) | Health Club Donna Forte (2025) | Kuntokeskus Donna Forte (2025)
3;Kelpo Yritys Oy;3505855-2;81220;2025-01-26;2025-01-26;2026-03-19;Kelpo nuohous (2025) | Kolarin nuohous (2026) | Lumet alas Ylläs (2026)
3;Pohjolan Implanttikeskus Oy;1030321-6;86230;1995-11-29;2003-03-06;2023-12-04;BioCeram (2003) | Pohjolan Plastiikkakirurgiakeskus (2013) | Hammaslääkärit L-U &Tandläkarna VN (2023)
3;Esteri Pesulakoneet Oy;0100623-6;28990;1961-05-19;2015-05-07;2025-12-31;Jäähdytyskone (2015) | Pesulakonepalvelu Pepa (2025) | NetPepa (2025)
3;Ralento Oy;0109860-1;49410;1959-09-18;2019-03-21;2024-02-06;Keskikuljetus (2019) | Horkka-yhtiöt (2019) | Betonipumppaus Ralento (2024)
3;Tuotesuunnittelu Oy;0115390-6;71125;1974-03-15;1981-01-09;2026-01-08;Insinööritoimisto Elektam (1981) | TarjaSenneArt (2026) | VALOILORAKKAUS (2026)
3;Transmar Ab;0144866-7;49410;1960-04-08;2017-01-31;2025-01-21;Ålands Renhållning (2017) | Sam-Transport (2017) | Ålands Budbilsservice (2025)
3;Koiviston Auto Jyväskylä Oy;0174391-4;49310;1939-03-31;2002-12-31;2023-10-20;Korhosen Linjat (2002) | Keski-Suomen Liikenne (2014) | Jyväskylän Liikenne (2023)
3;Helppo Rent Oy;2603670-6;71201;2014-02-28;2014-10-21;2023-08-30;Top Katsastus (2014) | Top Katsastus Kiiminki (2021) | Top Katsastus Rusko (2023)
3;Cervi Oy;2607385-7;43220;2014-03-13;2021-05-10;2026-07-15;Kotkan Nuohous ja Ilmastointi (2021) | RE-Tekniikka (2021) | KylmäCenter (2026)
3;S-RAPPAUS OY;2633824-5;43341;2014-08-29;2024-12-27;2025-12-10;Remontti Kettu (2024) | 3DRemontti (2025) | Autoliike AutoFirst (2025)
3;Sähköasennus Santalahti Oy;2638480-7;43210;2014-09-10;2014-09-10;2026-03-26;Syrjähypyt (2014) | Pakkahuoneen päivähypyt (2014) | Saaristosähkäri (2026)
3;Cerdo Oy;2647846-7;81100;2014-10-20;2017-03-29;2023-12-05;LasiCerdo (2017) | Kiinteistö Cerdo (2020) | IV Cerdo (2023)
3;A-Räikkönen Oy;2652858-3;81210;2014-11-24;2014-11-24;2026-08-28;Washletti (2014) | Robella (2014) | A-Räikkönen Rakennus 8 (2026)
3;Työplus Yhtiöt Oy;2661818-3;86220;2015-01-13;2018-06-18;2023-08-09;KokkoMedi (2018) | Länsi-Suomen Terveyspalvelut (2023) | LS-Terveyspalvelut (2023)
3;Stako Oy;2673876-7;71121;2015-02-23;2022-01-10;2025-08-11;Tigger (2022) | Osatohtori (2022) | Studio Maamerkki (2025)
3;PK-Mittaus Oy;2693685-1;71121;2015-06-03;2015-12-22;2023-10-27;Mittaniko (2015) | Mittauspodi (2023) | InfraPodi (2023)
3;Ab PowerZone fitnessclub Oy;2725036-8;93130;2015-11-25;2017-07-03;2023-08-14;Backholm Consulting (2017) | Mirage Skin & Body (2022) | Royal Fastigheter - Royal Kiinteistöt Pohjanmaa (2023)
3;Pirkanmaan Pesupalvelut Oy;2729293-9;81100;2015-12-09;2022-04-04;2024-08-25;PPP-Extra Chemical (2022) | Surecon (2022) | Keski-Suomen Pesupalvelut (2024)
3;Purkutyö57 Oy;2768758-6;43110;2016-06-27;2016-11-15;2024-12-18;Kuljetus57 (2016) | Automyynti57 (2019) | Taxi57VIP (2024)
3;Coach Verho Oy;2798056-3;93130;2016-12-15;2018-08-31;2025-06-07;Treasure Coaching (2018) | Kiinteistöverho (2024) | Myyntisoturit (2025)
3;Majoitus Hermanni Oy;2825227-7;49410;2017-04-04;2019-09-16;2026-04-28;Second Hand Made (2019) | Kuljetus ja kunnostus S. Hirvelä (2021) | Teuvan Hermanni (2026)
3;Kotihoito Ilo Oy;2835294-8;88101;2017-07-10;2023-10-17;2024-09-03;Joy Consulting (2023) | Aistihuone Ilo (2024) | Sotenavi (2024)
3;J. Storgårds Oy;2914331-2;81100;2018-05-30;2020-07-31;2026-04-06;MiniPuoti (2020) | Sanna's Relax (2023) | LPJ Customs (2026)
3;Rahtikeisarit Oy;2924316-1;49410;2018-07-11;2020-12-02;2023-11-21;RK Rent (2020) | RK Cab (2020) | RK Motors (2023)
3;Colligx Oy;2945125-1;52100;2018-10-24;2022-12-31;2023-06-28;Logxellence (2022) | Logipak (2022) | Collico (2023)
2;Koiviston Auto Oulu Oy;0187285-5;49310;1946-03-22;2015-04-30;2023-08-03;Gold Line (2015) | Koskilinjat (2023)
2;Lääkärikeskus Gyneko Oy;0195015-5;86220;1969-09-26;1999-06-04;2023-01-31;Miesklinikka Amigo (1999) | Gyneko Invest (2023)
2;Rateva Group Oy;0207178-5;38110;1973-03-30;2021-12-31;2026-01-12;RL-Kotipalvelut (2021) | Rateva Siivous (2026)
2;Slatek Oy;0252064-0;43210;1984-01-26;2002-10-16;2024-10-31;Slatek Service (2002) | Ambit (2024)
2;Inkeroisten Rakennuspalvelu Oy;0305639-2;81220;1979-03-23;1999-01-14;2024-02-22;Keltsun Keidas (1999) | TL Teollisuuspalvelut (2024)
2;Erkki Lepistö Oy;0347444-7;49410;1979-11-30;2002-12-31;2024-12-23;Saattoautot (2002) | lepistologistics (2024)
2;Industri-Textil Job Oy;0555008-7;28990;1984-05-03;2016-06-03;2026-05-19;Ekomans (2016) | Job Group Finland (2026)
2;Mikkonen Capital Oy;0576669-7;68320;1985-01-10;2022-05-10;2025-05-07;Mikkonen Talohuolto (2022) | Tili ja isännöinti Mikkonen (2025)
2;Ylermi Försti Oy;0605986-3;49410;1985-12-19;2002-10-10;2026-08-20;Jylhän Höyläämö (2002) | Botnia ReMoto (2026)
2;MTB-Siivouspalvelu Oy.;0680535-2;81210;1987-11-25;2009-05-22;2026-07-30;MTB Sairaalasiivous (2009) | MTB Cleaning Service (2026)
2;Kamet-Röbäcks Oy;0722534-1;25990;1989-04-12;1999-02-03;2024-02-20;Concreting Equipment Team Finland (1999) | Steel-Kamet (2024)
2;Keravan Kiinteistöpalvelu Oy;0737633-4;68320;1989-01-18;2024-12-30;2025-05-23;Isännöintipari (2024) | Uudenmaan Isännöinti (2025)
2;Turun Kiinteistöässä Oy;0774005-2;81100;1989-11-15;2022-08-31;2023-12-31;Turun Sähköhuolto (2022) | JS-Ilmastointipuhdistus (2023)
2;Special Siivous Oy;0786515-4;81210;1989-11-22;2023-11-21;2026-03-06;Terveet Jalat Jalkahoitolat (2023) | Laatuveljet (2026)
2;Joensuun Seudun Talohuolto Oy;0802862-2;81100;1989-09-20;2019-05-21;2024-02-15;Kiinteistöpalvelu P. Riihelä (2019) | Talohuolto Multanen (2024)
2;Korpisähkö Oy;0899051-2;43210;1993-01-20;2006-03-08;2024-03-14;Washcomp (2006) | Korpilataus (2024)
2;Kestokunto Oy;0948735-3;93130;1993-09-15;2016-09-12;2023-03-22;Tammelan Kuntoaitta (2016) | Somaluonto (2023)
2;Ratakadun Maansiirto Oy;0953538-6;43120;1993-12-01;2017-03-02;2026-07-23;Ratarauta (2017) | RataTAKSI (2026)
2;Esys Oy;0956554-2;43210;1993-12-29;2009-09-21;2025-04-01;Electrosys (2009) | FlamePro (2025)
2;Juvan VP-Yhtiö Oy;0964953-5;43120;1994-09-21;2009-04-30;2023-08-04;Laskentatili (2009) | KoneWehmaa (2023)
2;Seinäjoen KTK Oy;0968150-0;49410;1994-07-13;2014-12-31;2025-02-27;Kurikan Kivi (2014) | Etelä-Pohjanmaan KTK (2025)
2;Moxley Oy;0981024-5;81100;1994-09-14;2012-01-26;2023-06-30;Kiinteistöapu Fixley (2012) | AN-Palvelu (2023)
2;LST Sähköpalvelu Oy;0990311-8;43210;1994-12-14;2018-10-01;2025-04-25;Turun Sähköpalvelu (2018) | LST Talotekniikka (2025)
2;Pro-Pinnoitus Oy;0990487-4;43341;1995-04-05;2014-02-27;2025-11-02;b&b Savikon kartano (2014) | Kartanon taksi (2025)
2;Lakeuden Koneasema Oy;1031997-1;43120;1995-12-07;2012-07-04;2025-05-10;Konsulttipalvelu Tuomikoski (2012) | Lakeuden Kiinteistöpalvelu (2025)
2;Katu-Karhu Oy;1046007-8;43120;1996-05-13;2019-12-23;2024-12-31;Puskuhöylä (2019) | Katu-Karhu Kunnossapito (2024)
2;Mäntylä Yhtiöt Oy;1047815-5;81300;1996-05-06;2004-02-13;2024-09-05;Porvoon Maansiirto (2004) | BIMU (2024)
2;Juho Pulli Oy Helkala;1065806-8;10710;1996-09-23;2005-08-10;2025-04-28;Rinkelileipomo Juho Pulli (2005) | Juho Pullin Rinkelileipomo (2025)
2;Rahti-Kettunen Oy;1079098-2;49410;1997-02-17;2023-01-31;2024-05-28;Club Visitor (2023) | Vaskiklubi (2024)
2;Plowing Oy;1081691-9;25110;1997-01-02;2021-05-27;2025-11-04;Smartox (2021) | iBeauty (2025)
2;Välikangas Logistics Oy;1086332-8;49410;1997-05-19;2020-09-24;2024-04-30;Power Oil Logistics (2020) | Jari Välikangas (2024)
2;Olderman Oy;1444057-6;49410;1998-02-09;2007-01-01;2023-02-10;Contu-Trans (2007) | Rautarukkanen (2023)
2;Oy Lantmännen Unibake Ab Finland;1463476-8;10710;1998-04-01;2009-12-31;2023-05-01;Baco (2009) | Myllyn Paras Pakasteet (2023)
2;Kiinteistöhuolto J Rusanen Oy;1532089-1;81100;1999-06-07;2021-03-22;2023-12-31;Helmi Puutarhapalvelut Oy (2021) | Turun Talopalvelu (2023)
2;Kuljetus Ari Tiittanen Oy;1578631-7;49410;1996-02-14;2017-06-14;2026-07-31;Trans-Adam (2017) | Medi-Matiko (2026)
2;Kuljetusliike OK Ojala OY;1596268-3;49410;2000-04-19;2016-02-10;2025-08-28;Loistokkaat (2016) | Kuuselma (2025)
2;RMK Sähkö Oy;1646089-6;43210;2001-02-21;2020-06-12;2023-03-20;UpLifters (2020) | Liikuntakeskus Ruukki (2023)
2;Pälkäneen Autokuljetus Oy;1706753-5;49410;2001-06-11;2015-11-04;2026-04-06;Matsony (2015) | Kollolan Kaivin (2026)
2;Kuljetus West Line Oy;1707202-7;49410;2001-08-01;2007-04-30;2023-04-13;Oulun Telttavuokraus (2007) | Oulun Tapahtumapalvelu (2023)
2;Kokkolan LVIS-Palvelu Oy;1749447-3;43220;2002-10-31;2012-05-24;2023-10-24;Karleby VVS och El-tjänst (2012) | PetenPutki (2023)
2;Parolan Kuntoklubi Oy;1752203-2;93130;2002-04-09;2002-04-09;2024-02-06;Hattulan DK (2002) | hattulamoniala.fi (2024)
2;Merikoti Oy;1791721-0;87301;2002-11-06;2008-01-24;2026-04-24;Merikotikonsultit (2008) | Sea4You (2026)
2;Koiviston Auto Kuopio Oy;1838136-6;49310;2004-01-01;2004-01-01;2023-10-10;Savon Matka (2004) | Kuopion Liikenne (2023)
2;Mantilan Kuljetus Oy;1923692-9;49410;2004-10-15;2017-03-15;2023-12-31;SM Consulting (2017) | Vanilla Shop (2023)
2;CTF-Isännöinti Oy;1926090-2;68320;2004-11-25;2010-08-18;2023-03-02;CTF-Tilit (2010) | A-Cuter (2023)
2;MEK-Trans Oy Ab;2012128-0;49410;2006-01-17;2009-03-13;2024-12-31;MEKLOADER (2009) | Cont-Service (2024)
2;Seladent Oy;2038330-1;86230;2006-06-09;2016-05-12;2026-04-12;WOODBEKA (2016) | Werkki (2026)
2;Danbert Oy;2071515-0;81220;2006-11-13;2019-04-02;2025-10-28;RibbonFox (2019) | Espoon IV-puhdistus (2025)
2;F.C.-Palvelut Oy;2080044-3;81210;2007-01-01;2008-10-01;2025-03-31;Kukkakauppa Florea (2008) | Yrityshuolto (2025)
2;Lännen Louhintatekniikka Oy;2118827-6;43120;2007-06-04;2017-01-27;2025-05-28;Lännen Maanrakennus (2017) | FX Cargo (2025)
2;Blue Cargo Oy;2123774-4;49410;2008-01-01;2008-01-01;2026-02-08;Mark-Rahti (2008) | Lapin Nosto ja Kuljetus (2026)
2;AdeJep Invest Oy;2130551-6;86220;2007-08-21;2019-11-04;2025-01-22;Willa Lumia (2019) | Villa Lumia Lapland (2025)
2;Flotiina Oy;2132532-2;81300;2007-09-10;2015-04-28;2026-05-18;Parkanon Kukka ja Hautaustoimisto (2015) | Kankaanpään Kukka ja Hautaustoimisto Anttila (2026)
2;Tuusulan Hammaslääkäriasema Oy;2151300-8;86230;2007-10-31;2012-12-21;2025-05-07;TAX MANAGEMENT FINLAND (2012) | Tax Professionals Finland (2025)
2;Mikenti Oy;2195876-0;43220;2008-09-30;2019-12-31;2023-12-31;Jypro (2019) | Jyväskylän vesi ja lämpö (2023)
2;Jamitec Oy;2196105-4;81100;2008-05-22;2016-04-07;2023-03-31;Hard Days Service (2016) | Take Your Time (2023)
2;AV Metsätyöt Oy;2211033-1;49410;2008-08-26;2023-05-02;2025-08-31;Rauman Puunkuljetus (2023) | L-S Metsäenergia (2025)
2;Oiva Isännöinti Noste Oy;2263118-8;68320;2009-06-04;2023-09-29;2024-01-04;Isännöitsijätoimisto Heikki Valkonen (2023) | Noste Isännöinti (2024)
2;Stairon Oy;2265580-9;28990;2009-05-12;2009-12-31;2025-11-30;Stairon Works (2009) | Mesekon (2025)
2;LSA Systems Oy;2267267-6;43210;2009-09-30;2010-05-11;2025-12-31;Lohjan Sähkö ja Automaatio Liiketoiminta (2010) | FAP Automation (2025)
2;Tasa Logistic Oy;2282013-0;52100;2009-08-27;2021-12-16;2023-05-30;TASATURVA (2021) | MEGASTO (2023)
2;SBO Tech Oy;2296515-3;81220;2009-11-20;2022-08-04;2026-04-09;Salon Butterfly (2022) | Autopesu Auto Clinic (2026)
2;JPK Power Oy;2302793-5;43220;2009-12-29;2025-12-14;2026-02-18;SiivousLohja (2025) | Uudenmaan Laatupumput (2026)
2;Keradur Oy;2315098-4;81210;2010-03-01;2010-03-01;2026-03-17;Keradur Siivous (2010) | Keradur Service (2026)
2;LWK-Tekniikka Oy;2325071-5;43210;2010-04-23;2018-04-10;2025-09-25;Luumen (2018) | Stadin Sähköremppa (2025)
2;PP-TUOTE OY;2329636-9;25110;2010-04-23;2015-01-30;2024-10-02;Spark Ergonomics (2015) | Jnius Design (2024)
2;HC Heating & Cooling Oy;2344862-5;43220;2010-08-09;2011-02-25;2025-08-15;Hämeen maalämpö (2011) | PK PUMPPUKAUPPA (2025)
2;Joske Oy;2350107-8;81300;2010-08-30;2015-08-07;2026-05-09;Ulkolinkki (2015) | Insightia (2026)
2;Maalaus Mahti Oy;2384516-1;43341;2011-02-02;2018-06-11;2025-07-04;Mahti vuokraus (2018) | Holstinmäen autolasi (2025)
2;Plus Katsastus Rauma Oy;2387256-5;71201;2011-02-10;2012-12-07;2023-07-24;Plus Katsastus Kortela (2012) | Plus Katsastus Laitila (2023)
2;TJP-Kaivin Oy;2392166-2;43120;2011-03-10;2013-02-21;2023-04-21;Lämteus (2013) | Bar Olkkari Klake (2023)
2;Onnenpalikat Oy;2429768-9;86230;2011-10-03;2020-06-08;2023-10-03;Bisnesporitar (2020) | Somapuoti (2023)
2;Lakeuden KotiAvustajat Oy;2434874-9;88101;2011-11-04;2012-10-05;2026-05-03;Lakeuden Nro 1 (2012) | Terapia Duo (2026)
2;Tiirismaan Liikenne Oy;2440027-9;49410;2012-02-02;2025-08-20;2026-07-17;Hollolan Pakuhuolto (2025) | Hollolan Automyynti (2026)
2;VJ Maa-aines Oy;2450309-1;43120;2012-01-01;2023-12-18;2024-04-29;VJ Rails (2023) | VJ Konevuokraamo (2024)
2;Terveysteekki Oy;2464092-6;93130;2012-03-07;2018-10-18;2023-10-19;Oulun Ladies Beauty Center (2018) | Liikuntakeskus Olo (2023)
2;Casa Care & Design Oy;2471742-8;68320;2012-04-18;2023-02-13;2025-09-30;Design Johanna Taskula (2023) | Galleria Johanna Taskula (2025)
2;Kuljetus Heikkilä Oy;2484953-5;49410;2012-07-02;2018-11-29;2026-03-24;Ilves Travel Club (2018) | Forest Heikkilä (2026)
2;KY Siivouspalvelut Oy;2488530-9;81210;2012-08-21;2020-11-30;2023-03-03;ROVA IMPORT & FORWARDING (2020) | YK Siivous (2023)
2;TerHy Oy;2534143-4;93130;2013-03-13;2016-04-08;2024-01-29;Kunnotar (2016) | VireGym (2024)
2;Yuka Holding Oy;2540872-3;43210;2013-04-26;2019-06-17;2026-07-14;Kotkan Vesijettivuokraus (2019) | Sugar Factory Apartments (2026)
2;ValCons Oy;2958283-3;81100;2018-12-28;2021-11-11;2023-04-14;Sipoon Auto ja Moto (2021) | Uudenmaan Teollisuushuolto (2023)
2;Kuljetus S. Ylisirniö Oy;2958390-8;49410;2018-12-19;2023-11-26;2025-06-18;Koillismaan Metallinkierrätys (2023) | Valutiimi (2025)
2;Airiston Sähkö Oy;2961645-8;43210;2019-01-23;2024-12-04;2025-08-16;Airiston Venesähkö (2024) | Liteboat Finland (2025)
2;Mekry oy;3011635-4;43330;2019-07-12;2025-03-26;2026-03-23;eMekry (2025) | MekryPro (2026)
2;McHealer Oy;3014894-6;86220;2019-07-30;2024-01-30;2026-04-14;Vocal Arts Clinic (2024) | Artistin ääniklinikka (2026)
2;Lea Talo Oy;3089313-7;93130;2019-10-01;2019-10-24;2024-02-26;Mono Gym (2019) | Lillamor (2024)
2;Huoltotekniikka ViCa Oy;3097836-8;43210;2019-11-11;2020-09-03;2025-05-26;Hiekkasärkkäin TAXI (2020) | Kokko Taxi (2025)
2;Hannan piha- ja vihertyö Oy;3099424-5;81300;2019-12-19;2020-08-07;2026-04-10;HSE-Services (2020) | Rautainen Mustamakkara (2026)
2;LVI-Bioneerit Oy;3101891-6;43220;2019-12-12;2020-01-03;2023-08-10;Lämpöpalvelu LVI-Bioneerit (2020) | Kiteen Huolto-Karjala (2023)
2;Antrum Oy;3108036-5;86220;2020-01-02;2020-08-12;2023-01-30;Moola (2020) | Kotisisari (2023)
2;Nordic Transport Service Oy;3108131-7;49410;2020-08-05;2020-08-05;2026-08-12;Autotalo Nurmi (2020) | Nordic Fuel (2026)
2;Kiinteistöhuolto Välitalo Oy;3114189-3;81100;2020-01-29;2021-05-17;2026-03-26;Siivouspalvelut Välitalo (2021) | Tieva Majoitus (2026)
2;Jestron Automation Finland Oy;3122234-3;28990;2020-03-03;2020-08-21;2024-09-03;Jestron Tools (2020) | Jestron Defence Tech (2024)
2;Koti- ja Kiinteistöpalvelut Klingberg Oy;3130004-9;81100;2020-04-16;2023-11-27;2024-02-13;Avustus-hoivapalvelu Klingberg (2023) | Avustus ja Hoivapalvelut Klingberg (2024)
2;FirMaX oy;3130537-6;43210;2020-04-23;2022-08-31;2023-03-06;Watte (2022) | Valokuvasi (2023)
2;Talo Care Oy;3145465-4;81100;2020-07-15;2021-04-13;2023-01-03;Talo Care Center (2021) | Solar Care (2023)
2;Finnkonttori oy;3154918-6;81210;2020-09-17;2021-08-03;2023-11-29;Klöver (2021) | Klöver Club (2023)
2;Saalasti Biomass Oy;3156283-1;28990;2020-09-09;2024-08-15;2025-11-28;Lieksan Terähuolto (2024) | Saalasti Finland (2025)
2;Niemelä Medical Oy;3159652-1;86220;2020-09-22;2020-09-22;2024-11-20;Jussi Niemelä lääkäripalvelut (2020) | Hygge-Kodit (2024)
2;Siphold Oy;3161351-2;71125;2020-10-02;2020-10-02;2023-09-29;Dandy Networking (2020) | IPe Industries (2023)
2;Antroi Oy;3170413-1;81100;2020-11-17;2021-05-06;2023-10-06;Farmer & Cultivator (2021) | Ra-Mittatilauskeittiöt (2023)
2;JuJu COM Oy;3170516-9;81210;2020-11-25;2020-11-25;2023-11-02;Siivouspalvelu JuJu (2020) | Evijärven Pesula (2023)
2;Ferion Oy;3189834-3;25110;2021-02-24;2022-03-22;2026-09-16;AJJ-Konepaja (2022) | ProWeld Finland (2026)
2;HHH Kiinteistöpalvelut Oy;3194126-8;68320;2021-03-03;2021-03-03;2024-11-14;Casa Padel (2021) | Helsinki home hotels (2024)
2;Nötön Kyläkauppa oy;3209031-1;81100;2021-05-06;2024-06-14;2025-04-27;Lotan Verstas (2024) | Metsurit PA (2025)
2;Maner Palvelut Oy;3214613-5;81220;2021-06-03;2022-03-16;2023-02-23;Myyntikoju (2022) | Horisontti360 (2023)
2;Eurajoen Siivouspalvelu Oy;3242241-9;81210;2021-10-18;2022-08-19;2023-06-14;Eurajoen Maalauspalvelu (2022) | Eurajoen Talonmiespalvelu (2023)
2;Jakome Oy;3244273-5;25990;2021-11-01;2021-11-01;2024-03-26;Jale-portaat (2021) | Jalle's Garage (2024)
2;LVIK-Saarenpaa Oy;3262498-5;25990;2022-02-25;2022-07-18;2025-09-30;LPI Lämpöpumppuinssi (2022) | KJS-Taloyhtiöapu (2025)
2;Kuljetus- ja lokapalvelu Kyllönen Oy;3263256-3;38110;2022-02-02;2022-02-02;2023-03-14;Kiimingin lokapalvelu (2022) | Hinausheppu (2023)
2;Plus Katsastus Etelä-Pohjanmaa Oy;3276377-4;71201;2022-04-06;2022-04-29;2024-10-31;Plus Katsastus Kauhajoki (2022) | Plus Katsastus Vaasa (2024)
2;Saraste terveys Oy;3279750-1;86220;2022-05-16;2023-09-07;2025-01-17;Saraste klinikka (2023) | Saraste Mielen klinikka (2025)
2;Nuohous Lahti Oy;3285286-5;81220;2022-05-11;2023-10-25;2025-08-13;Nuohoomo (2023) | Nuohous Oulu (2025)
2;Alef Geo-Consulting Oy;3311546-1;71122;2022-09-15;2022-09-15;2023-07-24;Alef Kielikoulu (2022) | Alefgeo (2023)
2;Laventuli Oy;3313994-9;88101;2022-09-23;2022-09-23;2025-07-03;Diagnoosikoru (2022) | Kotipalvelu Laventuuli (2025)
2;Oy SöBe Group Ab;3318370-4;49410;2022-10-17;2023-09-05;2025-08-15;Brugos Piling (2023) | FixitFabbe (2025)
2;Ruokorannan Palvelut Oy;3319875-4;81100;2022-12-31;2022-12-31;2024-02-01;Siiisteimmätfestarit (2022) | Siisteimmätkodit (2024)
2;Nallilandia Oy;3320955-6;81220;2022-10-26;2023-08-11;2024-04-10;Sun Tantra (2023) | Nuohouspalvelu Musta Aukko (2024)
2;Dexdent Oy;3321936-7;86230;2022-11-04;2022-11-04;2025-02-06;Sindent (2022) | Ident (2025)
2;Järvekäs Invest Oy;3331610-8;81210;2022-12-30;2022-12-30;2024-02-27;LapCIean (2022) | Sodankylän Siivouspalvelu (2024)
2;FN Consulting Oy;3352053-9;43210;2023-03-20;2023-04-24;2025-01-14;Fitniemi (2023) | FN Service (2025)
2;Oy ViherAnier;3354140-1;81300;2023-03-31;2024-03-08;2025-09-27;Siivouspalvelut Anier (2024) | Rakennuspalvelut Anier (2025)
2;Tiikkaiset-IM Oy;3377768-4;86230;2023-07-21;2024-12-27;2025-05-08;Dentiikka (2024) | Pyhäjärven Hampaankolo (2025)
2;Maastox Oy;3412597-9;81300;2023-12-17;2023-12-17;2024-11-29;Maastomyyrä (2023) | Touhux (2024)
2;Sokerileipuri Jenni Oy;3440905-8;10710;2024-04-19;2024-04-19;2025-01-29;Soma Kakkusoppi & Kahavila (2024) | KotiSiiri (2025)
2;JuuPaJoo Oy;3455813-3;81100;2024-06-17;2024-11-22;2025-06-26;Suihke ja Säihke (2024) | Fairway Fest (2025)
2;Kylmäpumppu Oy;3460602-7;33200;2024-07-05;2025-10-09;2026-07-10;Kylmävire (2025) | Kylmäkonna (2026)
2;Dreamtransport Oy;2459544-0;49310;2012-02-17;2015-05-05;2025-08-11;Dreamtaksi (2015) | Teijon venetaksi (2025)
2;MoonCube Oy;3472477-9;28990;2024-09-06;2024-10-17;2025-09-19;Raateri (2024) | Henkinen Tuki (2025)
2;LVI Lani Oy;3491010-9;43220;2024-11-24;2025-07-17;2026-05-18;Skylar Beauty Salon (2025) | Virelle Beauty (2026)
2;MARACS Oy;3496256-6;71125;2024-12-30;2024-12-30;2025-02-25;HECOPS (2024) | Rotorpiloting (2025)
2;Amesta Group Oy;0163166-4;43341;1978-01-20;2017-07-17;2023-07-27;ProHub (2017) | Cerpro (2023)
2;Karjalan Kiinteistöpalvelu Oy;0169164-0;81100;1968-09-20;2015-08-10;2025-01-14;Outokummun Kiinteistökeskus (2015) | Kiinteistömyllärit (2025)
2;Pohjoisen Sähkö ja Kiinteistö Oy;2551307-2;43210;2013-06-10;2021-12-29;2026-01-30;SOLEMAX (2021) | A-maailma (2026)
2;SATUKALLION AUTO JA HUOLTO OY;2580448-6;49410;2013-11-07;2022-06-28;2024-04-12;Kivilahden Auto (2022) | Kivilahden Taksi (2024)
2;Saspro Oy;2625563-4;68320;2014-06-23;2023-06-02;2024-06-25;Keski-Uudenmaan Kiinteistöpalvelut (2023) | Isännöinti Saspro (2024)
2;Peltoniemi Services Oy;2638901-8;86220;2014-09-10;2022-08-31;2025-04-21;MediaStudio Nina (2022) | Cafe Galleria Hyllykallio (2025)
2;Kiertokaari Oy;2650662-4;38320;2014-11-03;2018-01-08;2023-04-20;Oulun Jätehuolto (2018) | Kierrätyskeskus Likke (2023)
2;Sähköhuolto Puikkonen Oy;2652882-3;43210;2014-11-14;2016-09-06;2026-02-17;Maalaustyö Puikkonen (2016) | Hieronta Koo (2026)
2;Tateplan Oy;2662347-6;71125;2015-01-12;2021-05-10;2023-11-21;Rent4self (2021) | Dowise Finland (2023)
2;Turun Multiline Oy;2681629-4;81100;2015-03-20;2015-11-27;2023-11-21;Multiline Consulting (2015) | Turun Tukkijätkät (2023)
2;Tampereen Viherrakennus Oy;2684621-5;81300;2015-04-10;2021-03-23;2024-12-12;Hämeenlinnan Viherrakennus (2021) | TVR Autohuolto (2024)
2;Siivouspalvelu Fresh Oy;2693468-8;81210;2015-06-08;2016-05-03;2023-07-26;KAT. TEC Kiinteistöpalvelu (2016) | KAT. TEC Rakennuspalvelu (2023)
2;WD Steelworks Oy;2695363-5;25110;2015-06-26;2024-04-11;2026-05-17;WDS Marine (2024) | WDS Defence (2026)
2;KoskiHoiva Oy;2695507-5;88101;2015-06-23;2024-05-07;2025-02-20;KoskiRekry (2024) | Villakoski (2025)
2;HeavyCargo Team Oy;2697189-2;49410;2015-07-01;2015-07-01;2023-01-11;Kuljetus Kaitaranta (2015) | Asko Haro (2023)
2;LK Flow Oy;2715495-8;43220;2015-10-29;2023-07-31;2024-03-14;LK Ilmanvaihtopalvelu (2023) | FLOW Rakennuspalvelut (2024)
2;Talkkarimatti Oy;2723680-6;81100;2015-11-25;2021-06-18;2023-01-23;Kone Peltonen (2021) | Peltonen Car Restoration (2023)
2;Bodytec 3 Oy;2743789-4;93130;2016-03-07;2016-03-07;2023-10-30;Kuntokeskus Korjaamo (2016) | FitFactory Alajärvi (2023)
2;HELSINGIN KATTOPESU OY;2752849-7;81100;2016-03-30;2021-06-16;2025-05-07;Kiinteistöhuolto Pihatie (2021) | Helsingin Ruostekorjaus (2025)
2;Sipoon Syke Oy Ab;2762221-3;93130;2016-06-30;2019-04-10;2023-05-09;Treenikontti (2019) | Syke Liikuntakeskus (2023)
2;PIRKANMAAN LVI-ASENNUS OY;2778048-1;43220;2016-09-15;2017-10-24;2023-03-06;Mustaputki (2017) | Pirkanmaan Koulutuskeskus (2023)
2;Wirmax oy;2796977-8;43210;2017-01-19;2022-02-28;2023-04-17;Areste (2022) | WIRMAX WISE (2023)
2;Isännöintitoimisto Asuntonokia Oy;2804246-4;68320;2017-01-16;2020-09-30;2025-01-29;Pirkan Isännöintikeskus (2020) | Pirkan Tekniset Palvelut (2025)
2;Epic gym Ab Oy;2805088-6;93130;2017-01-11;2018-03-08;2025-02-08;EpicSportService (2018) | Epic Service (2025)
2;Papa's Smokery BBQ Oy;2825726-2;25990;2017-04-06;2024-02-27;2026-03-25;Mama's Street Food (2024) | TalliCafe (2026)
2;Robopaja OY;2832444-5;33200;2017-05-12;2022-09-30;2024-06-18;Metsari (2022) | MULTIROBO (2024)
2;Pihlaja Express Oy Ltd;2833090-9;43220;2017-05-16;2017-06-13;2024-03-08;Kasarikyyti Hamina (2017) | Juuson eLVIS (2024)
2;Benoa Palvelut Oy;2835356-1;81100;2017-06-09;2017-06-09;2025-02-08;JVM Jokela (2017) | Zpoint (2025)
2;Maansiirto Kari Huttunen Oy;2842971-4;43120;2017-08-02;2019-05-06;2024-12-12;Huttunen Machinery (2019) | Vieskan Ykkös Taksi (2024)
2;Minisa Oy;2845673-9;43220;2017-07-25;2017-08-22;2025-09-23;TKS-Huolto (2017) | ST Laser (2025)
2;Löytölä Lohja Oy;2848727-9;33200;2017-08-23;2019-02-06;2025-08-25;LL-Vuokrapalvelut (2019) | Etelä-Suomen Toimitilaremontit (2025)
2;Oma Huolto Kiinteistöpalvelu Oy;2855247-2;81100;2017-10-13;2023-05-02;2025-10-31;OMRA Porvoo (2023) | Maring (2025)
2;Huoltosiivous Turku Oy;2865881-6;81210;2018-01-01;2022-05-23;2025-08-24;Turun Kiinteistöremontit (2022) | Huoltosiivous Uusimaa (2025)
2;Suunnittelu Teikari Oy;2867103-3;25110;2017-11-09;2018-07-03;2025-10-24;e-Puisto (2018) | Northwest MX (2025)
2;Akstek Finland Oy;2872361-4;81100;2017-12-08;2021-03-18;2024-01-26;Tammer-Vaaka (2021) | Länsi-Suomen Sammutinhuolto (2024)
2;Seran Puhtautta ja Palvelua Oy;2874629-3;81210;2018-01-03;2020-09-04;2024-02-25;Seran Vahinkopalvelut (2020) | Seran Kotipalvelut (2024)
2;Etevia Oy;2876080-2;88101;2018-01-02;2018-01-02;2026-09-22;KRT Consulting (2018) | Seniorin Omaislinja (2026)
2;Elobit Automation Oy;2884717-4;71125;2018-01-24;2018-04-30;2023-10-17;EB Industry (2018) | Elobit Sähköpalvelu (2023)
2;Tepatec Oy;2900150-9;43210;2018-03-28;2018-03-28;2024-10-01;Shameplay (2018) | Shameplay (2024)
2;Jeika invest OY;2903574-1;81100;2018-03-19;2019-11-12;2025-09-24;Jeika Huolto Oy (2019) | RuosteVex (2025)
2;Osvia Oy;2928583-9;43120;2018-08-03;2024-10-02;2026-01-01;Salaojamies (2024) | Studio Pots (2026)
2;JK-Log Oy;2929010-1;49410;2018-08-02;2019-08-31;2023-10-10;Kauko Karhu (2019) | Veljekset Silvennoinen (2023)
2;Capella & Co Properties Oy;2934344-5;68320;2018-09-21;2023-10-02;2025-05-20;Gungnir-Tor (2023) | Noi Cleaning (2025)
2;Päivi Kristiina Kivelä Oy;2944381-7;86220;2018-10-22;2023-01-27;2024-03-10;Terveysasema Lillan (2023) | Gynekologiasema Pikkulinna (2024)
2;Totaldent Oy;2945882-4;86230;2018-10-30;2018-10-30;2024-03-13;Pasilan Hammashoito (2018) | Totalmed (2024)
2;AP-mökkipalvelut OY;2948013-2;81100;2018-11-07;2021-12-23;2025-05-22;Cafe Rukanportti (2021) | AP-kotiapu (2025)
2;Prime Estate Group Oy;3570488-4;68320;2025-10-23;2025-10-23;2026-04-14;Varanto Isännöinti (2025) | Luxuskodit LKV (2026)
